Product id,Product Ref,Color Code,Product Supplier,Component category,Component Supplier Code,Component Ref,weight,Composition,Raw material,Process Step,Climate change - kg CO2 eq,Land use - Pt,Water use - m3 eq,Acidification - mol H+ eq,Ozone depletion - kg CFC-11 eq,Ionising radiation - kg U235 eq,Particulate matter - Disease occurence,Resource use fossils - MJ,Climate change fossil - kg CO2 eq,Eutrophication marine - kg N eq,Human toxicity cancer - CTUh,Climate change landuse - kg CO2 eq,Climate change biogenic - kg CO2 eq,Ecotoxicity fresh water - CTUe,Eutrophication freshwater - kg P eq,Human toxicity non cancer - CTUh,Eutrophication terrestrial - mol N eq,Resource use minerals metals - kg SB eq,Photochemical ozone formation - kg NMVOC eq,material_id,component_id,source
0f6b4696-e03b-4339-96ed-f35546696e21,2616093001,DEFAULT,CHOICE_PLOT_357,,,,362,,,PRODUCT IMPACT,8.53022975,415.61786241,18.913783529,0.062725961,0.000000066,1.142926016,0.000000431,112.823738732,0.483424736,0.055931041,0.000000002,0,0.000201146,146.264757642,0.010390542,0.000000001,0.178621666,0.000010028,0.027534418,,,PRODUCT_IMPACT
0f6b4696-e03b-4339-96ed-f35546696e21,2616093001,DEFAULT,,,,,,,,END_OF_LIFE,0.421685533,0.001853482,0,0.000148821,0,-0.050934633,0.000000001,-0.428232344,0,0.000254117,0,0,0,0,0.000003234,0,0.00089324,0.00000002,0.000374575,,,PRODUCT_LIFECYCLE_STEP
0f6b4696-e03b-4339-96ed-f35546696e21,2616093001,DEFAULT,,,,,,,,USE_PHASE,0.146059515,0.654452211,0.041168128,0.00062378,0.000000006,0.990047722,0.000000008,21.784539151,0,0.000185,0,0,0,0.850094766,0.000028826,0,0.001365552,0.000001185,0.000341913,,,PRODUCT_LIFECYCLE_STEP
0f6b4696-e03b-4339-96ed-f35546696e21,2616093001,DEFAULT,,,,,,,,DISTRIBUTION,0.048793075,0,0,0.000305329,0,0.005930194,0.000000004,0.72498102,0,0.000154186,0,0,0,0,0.000000018,0,0.00161059,0.000000162,0.000303713,,,PRODUCT_LIFECYCLE_STEP
0f6b4696-e03b-4339-96ed-f35546696e21,2616093001,DEFAULT,,,,,,,,WAREHOUSE,0,0,0,0,0,0,0,0,0,0,0,0,0,0,0,0,0,0,0,,,PRODUCT_LIFECYCLE_STEP
0f6b4696-e03b-4339-96ed-f35546696e21,2616093001,DEFAULT,,,,,,,,PRODUCT_TRANSPORT,0.140967245,0.052088274,0.001779982,0.002697705,0.000000001,0.00613775,0.000000013,1.888314806,0.083427041,0.00084245,0,0,0,0.36350925,0.000002007,0,0.009335987,0.00000028,0.002100302,,,PRODUCT_LIFECYCLE_STEP
0f6b4696-e03b-4339-96ed-f35546696e21,2616093001,DEFAULT,,,,,,,,MANUFACTURING,0.551370298,0.935351683,0.049723229,0.002718689,0.000000004,0.012534806,0.000000008,6.690269664,0,0.000542048,0,0,0,0.822334385,0.000290372,0,0.005660386,0.000000384,0.001465547,,,PRODUCT_LIFECYCLE_STEP
0f6b4696-e03b-4339-96ed-f35546696e21,2616093001,DEFAULT,,MAIN FABRIC (WOVEN),2616093001_MAIN FABRIC,2616093001_MAIN FABRIC_REANALYSIS,271.5,,,COMPONENT IMPACT,5.416477108,310.480587571,14.115834143,0.042179162,0.000000041,0.134439718,0.000000297,61.629450783,0.300459815,0.040467222,0.000000001,0,0.000150859,108.171614431,0.007549563,0.000000001,0.119842392,0.000005999,0.017215817,,02ed6a07-4ba8-49a1-8cfd-130effa9b410,COMPONENT_IMPACT
0f6b4696-e03b-4339-96ed-f35546696e21,2616093001,DEFAULT,,MAIN FABRIC (WOVEN),2616093001_MAIN FABRIC,2616093001_MAIN FABRIC_REANALYSIS,,,,WEAVING,1.540421728,3.544431142,0.128679201,0.007763351,0.000000018,0.0581536,0.000000029,19.828132765,0.113525466,0.001492296,0,0,0.000150859,2.128126714,0.00082041,0,0.015143811,0.000003138,0.004022039,,02ed6a07-4ba8-49a1-8cfd-130effa9b410,COMPONENT_LIFECYCLE_STEP
0f6b4696-e03b-4339-96ed-f35546696e21,2616093001,DEFAULT,,MAIN FABRIC (WOVEN),2616093001_MAIN FABRIC,2616093001_MAIN FABRIC_REANALYSIS,,,,SPINNING,1.882038079,3.192713668,0.169724431,0.009279928,0.000000014,0.042786095,0.000000026,22.836453689,0,0.001850218,0,0,0,2.806942327,0.000991151,0,0.019321068,0.00000131,0.005002473,,02ed6a07-4ba8-49a1-8cfd-130effa9b410,COMPONENT_LIFECYCLE_STEP
0f6b4696-e03b-4339-96ed-f35546696e21,2616093001,DEFAULT,,MAIN FABRIC (WOVEN),2616093001_MAIN FABRIC,2616093001_MAIN FABRIC_REANALYSIS,,,,COMPONENT_TRANSPORT,0.186934349,0,0,0.002201001,0,0.012994952,0.000000026,2.653261731,0.186934349,0.000928642,0,0,0,0,0.00000021,0,0.01031154,0.000000504,0.001839193,,02ed6a07-4ba8-49a1-8cfd-130effa9b410,COMPONENT_LIFECYCLE_STEP
0f6b4696-e03b-4339-96ed-f35546696e21,2616093001,DEFAULT,,MAIN FABRIC (WOVEN),2616093001_MAIN FABRIC,2616093001_MAIN FABRIC_REANALYSIS,,,,DYEING,1.516875411,6.663907691,0.064312488,0.009844685,0.000000009,0.018903,0.000000132,15.606286705,0,0.001491262,0.000000001,0,0,100.990667285,0.000558752,0,0.015673106,0.000000656,0.004533121,,02ed6a07-4ba8-49a1-8cfd-130effa9b410,COMPONENT_LIFECYCLE_STEP
0f6b4696-e03b-4339-96ed-f35546696e21,2616093001,DEFAULT,,MAIN FABRIC (WOVEN),2616093001_MAIN FABRIC,2616093001_MAIN FABRIC_REANALYSIS,,1,REGENERATIVE COTTON,MATERIAL IMPACT,0.290207541,297.07953507,13.753118023,0.013090196,0,0.001602071,0.000000084,0.705315892,0,0.034704805,0,0,0,2.245878106,0.005179041,0,0.059392867,0.00000039,0.001818992,11d9db8d-8fc3-45bd-820b-295ef8543a8f,02ed6a07-4ba8-49a1-8cfd-130effa9b410,MATERIAL_IMPACT
0f6b4696-e03b-4339-96ed-f35546696e21,2616093001,DEFAULT,,MAIN FABRIC (WOVEN),2616093001_MAIN FABRIC,2616093001_MAIN FABRIC_REANALYSIS,,1,REGENERATIVE COTTON,RAW_MATERIAL_MODEL,0.290207541,297.07953507,13.753118023,0.013090196,0,0.001602071,0.000000084,0.705315892,0,0.034704805,0,0,0,2.245878106,0.005179041,0,0.059392867,0.00000039,0.001818992,11d9db8d-8fc3-45bd-820b-295ef8543a8f,02ed6a07-4ba8-49a1-8cfd-130effa9b410,MATERIAL_LIFECYCLE_STEP
0f6b4696-e03b-4339-96ed-f35546696e21,2616093001,DEFAULT,,MAIN FABRIC (WOVEN),2616093001_MAIN FABRIC,2616093001_MAIN FABRIC_REANALYSIS,,1,REGENERATIVE COTTON,HARVESTING,0,0,0,0,0,0,0,0,0,0,0,0,0,0,0,0,0,0,0,11d9db8d-8fc3-45bd-820b-295ef8543a8f,02ed6a07-4ba8-49a1-8cfd-130effa9b410,MATERIAL_LIFECYCLE_STEP
0f6b4696-e03b-4339-96ed-f35546696e21,2616093001,DEFAULT,,MAIN FABRIC (WOVEN),2616093001_MAIN FABRIC,2616093001_MAIN FABRIC_REANALYSIS,,1,REGENERATIVE COTTON,PREPARATION,0,0,0,0,0,0,0,0,0,0,0,0,0,0,0,0,0,0,0,11d9db8d-8fc3-45bd-820b-295ef8543a8f,02ed6a07-4ba8-49a1-8cfd-130effa9b410,MATERIAL_LIFECYCLE_STEP
0f6b4696-e03b-4339-96ed-f35546696e21,2616093001,DEFAULT,,LININGS,2616093001_LININGS,2616093001_LININGS_REANALYSIS,90.5,,,COMPONENT IMPACT,1.804876976,103.49352919,4.705278048,0.014052475,0.000000014,0.04477046,0.000000099,20.534415652,0.099537879,0.013486017,0,0,0.000050286,36.05720481,0.00251652,0,0.039913518,0.000001998,0.005732551,,bce18329-6c62-4b3b-8d4c-e97ad41654c6,COMPONENT_IMPACT
0f6b4696-e03b-4339-96ed-f35546696e21,2616093001,DEFAULT,,LININGS,2616093001_LININGS,2616093001_LININGS_REANALYSIS,,,,COMPONENT_TRANSPORT,0.061696057,0,0,0.000726421,0,0.004288871,0.000000009,0.875685968,0.061696057,0.00030649,0,0,0,0,0.000000069,0,0.003403234,0.000000166,0.00060701,,bce18329-6c62-4b3b-8d4c-e97ad41654c6,COMPONENT_LIFECYCLE_STEP
0f6b4696-e03b-4339-96ed-f35546696e21,2616093001,DEFAULT,,LININGS,2616093001_LININGS,2616093001_LININGS_REANALYSIS,,,,SPINNING,0.627346026,1.064237889,0.05657481,0.003093309,0.000000005,0.014262032,0.000000009,7.61215123,0,0.000616739,0,0,0,0.935647442,0.000330384,0,0.006440356,0.000000437,0.001667491,,bce18329-6c62-4b3b-8d4c-e97ad41654c6,COMPONENT_LIFECYCLE_STEP
0f6b4696-e03b-4339-96ed-f35546696e21,2616093001,DEFAULT,,LININGS,2616093001_LININGS,2616093001_LININGS_REANALYSIS,,,,DYEING,0.505625137,2.221302564,0.021437496,0.003281562,0.000000003,0.006301,0.000000044,5.202095568,0,0.000497087,0,0,0,33.663555762,0.000186251,0,0.005224369,0.000000219,0.00151104,,bce18329-6c62-4b3b-8d4c-e97ad41654c6,COMPONENT_LIFECYCLE_STEP
0f6b4696-e03b-4339-96ed-f35546696e21,2616093001,DEFAULT,,LININGS,2616093001_LININGS,2616093001_LININGS_REANALYSIS,,,,WEAVING,0.513473909,1.181477047,0.042893067,0.002587784,0.000000006,0.019384533,0.00000001,6.609377588,0.037841822,0.000497432,0,0,0.000050286,0.709375571,0.00027347,0,0.005047937,0.000001046,0.00134068,,bce18329-6c62-4b3b-8d4c-e97ad41654c6,COMPONENT_LIFECYCLE_STEP
0f6b4696-e03b-4339-96ed-f35546696e21,2616093001,DEFAULT,,LININGS,2616093001_LININGS,2616093001_LININGS_REANALYSIS,,1,REGENERATIVE COTTON,MATERIAL IMPACT,0.096735847,99.02651169,4.584372674,0.004363399,0,0.000534024,0.000000028,0.235105297,0,0.011568268,0,0,0,0.748626035,0.001726347,0,0.019797622,0.00000013,0.000606331,9344dc9c-47e5-4bc5-b5b6-0176d80869d3,bce18329-6c62-4b3b-8d4c-e97ad41654c6,MATERIAL_IMPACT
0f6b4696-e03b-4339-96ed-f35546696e21,2616093001,DEFAULT,,LININGS,2616093001_LININGS,2616093001_LININGS_REANALYSIS,,1,REGENERATIVE COTTON,PREPARATION,0,0,0,0,0,0,0,0,0,0,0,0,0,0,0,0,0,0,0,9344dc9c-47e5-4bc5-b5b6-0176d80869d3,bce18329-6c62-4b3b-8d4c-e97ad41654c6,MATERIAL_LIFECYCLE_STEP
0f6b4696-e03b-4339-96ed-f35546696e21,2616093001,DEFAULT,,LININGS,2616093001_LININGS,2616093001_LININGS_REANALYSIS,,1,REGENERATIVE COTTON,RAW_MATERIAL_MODEL,0.096735847,99.02651169,4.584372674,0.004363399,0,0.000534024,0.000000028,0.235105297,0,0.011568268,0,0,0,0.748626035,0.001726347,0,0.019797622,0.00000013,0.000606331,9344dc9c-47e5-4bc5-b5b6-0176d80869d3,bce18329-6c62-4b3b-8d4c-e97ad41654c6,MATERIAL_LIFECYCLE_STEP
0f6b4696-e03b-4339-96ed-f35546696e21,2616093001,DEFAULT,,LININGS,2616093001_LININGS,2616093001_LININGS_REANALYSIS,,1,REGENERATIVE COTTON,HARVESTING,0,0,0,0,0,0,0,0,0,0,0,0,0,0,0,0,0,0,0,9344dc9c-47e5-4bc5-b5b6-0176d80869d3,bce18329-6c62-4b3b-8d4c-e97ad41654c6,MATERIAL_LIFECYCLE_STEP
1770309e-9fa1-4514-a975-04e92fa59dd7,2615832001,DEFAULT,CHOICE_PLOT_357,,,,362,,,PRODUCT IMPACT,8.528383571,415.61786241,18.913783529,0.062704224,0.000000066,1.142797677,0.00000043,112.797534903,0.481578557,0.055921869,0.000000002,0,0.000201146,146.264757642,0.01039054,0.000000001,0.178519828,0.000010023,0.027516254,,,PRODUCT_IMPACT
1770309e-9fa1-4514-a975-04e92fa59dd7,2615832001,DEFAULT,,,,,,,,END_OF_LIFE,0.421685533,0.001853482,0,0.000148821,0,-0.050934633,0.000000001,-0.428232344,0,0.000254117,0,0,0,0,0.000003234,0,0.00089324,0.00000002,0.000374575,,,PRODUCT_LIFECYCLE_STEP
1770309e-9fa1-4514-a975-04e92fa59dd7,2615832001,DEFAULT,,,,,,,,USE_PHASE,0.146059515,0.654452211,0.041168128,0.00062378,0.000000006,0.990047722,0.000000008,21.784539151,0,0.000185,0,0,0,0.850094766,0.000028826,0,0.001365552,0.000001185,0.000341913,,,PRODUCT_LIFECYCLE_STEP
1770309e-9fa1-4514-a975-04e92fa59dd7,2615832001,DEFAULT,,,,,,,,DISTRIBUTION,0.048793075,0,0,0.000305329,0,0.005930194,0.000000004,0.72498102,0,0.000154186,0,0,0,0,0.000000018,0,0.00161059,0.000000162,0.000303713,,,PRODUCT_LIFECYCLE_STEP
1770309e-9fa1-4514-a975-04e92fa59dd7,2615832001,DEFAULT,,,,,,,,WAREHOUSE,0,0,0,0,0,0,0,0,0,0,0,0,0,0,0,0,0,0,0,,,PRODUCT_LIFECYCLE_STEP
1770309e-9fa1-4514-a975-04e92fa59dd7,2615832001,DEFAULT,,,,,,,,PRODUCT_TRANSPORT,0.140967245,0.052088274,0.001779982,0.002697705,0.000000001,0.00613775,0.000000013,1.888314806,0.083427041,0.00084245,0,0,0,0.36350925,0.000002007,0,0.009335987,0.00000028,0.002100302,,,PRODUCT_LIFECYCLE_STEP
1770309e-9fa1-4514-a975-04e92fa59dd7,2615832001,DEFAULT,,,,,,,,MANUFACTURING,0.551370298,0.935351683,0.049723229,0.002718689,0.000000004,0.012534806,0.000000008,6.690269664,0,0.000542048,0,0,0,0.822334385,0.000290372,0,0.005660386,0.000000384,0.001465547,,,PRODUCT_LIFECYCLE_STEP
1770309e-9fa1-4514-a975-04e92fa59dd7,2615832001,DEFAULT,,MAIN FABRIC (WOVEN),2615832001_MAIN_FABRIC,2615832001_MAIN_FABRIC_REANALYSIS,362,,,COMPONENT IMPACT,7.219507906,413.974116761,18.821112191,0.056209899,0.000000055,0.179081839,0.000000396,82.137662606,0.398151515,0.053944068,0.000000002,0,0.000201146,144.228819241,0.010066082,0.000000001,0.159654072,0.000007992,0.022930205,,0c982165-5392-43e2-8e64-b2ef6701844e,COMPONENT_IMPACT
1770309e-9fa1-4514-a975-04e92fa59dd7,2615832001,DEFAULT,,MAIN FABRIC (WOVEN),2615832001_MAIN_FABRIC,2615832001_MAIN_FABRIC_REANALYSIS,,,,COMPONENT_TRANSPORT,0.246784227,0,0,0.002905685,0,0.017155484,0.000000035,3.502743871,0.246784227,0.00122596,0,0,0,0,0.000000277,0,0.013612936,0.000000665,0.002428038,,0c982165-5392-43e2-8e64-b2ef6701844e,COMPONENT_LIFECYCLE_STEP
1770309e-9fa1-4514-a975-04e92fa59dd7,2615832001,DEFAULT,,MAIN FABRIC (WOVEN),2615832001_MAIN_FABRIC,2615832001_MAIN_FABRIC_REANALYSIS,,,,DYEING,2.022500548,8.885210255,0.085749984,0.013126247,0.000000012,0.025204,0.000000177,20.808382274,0,0.001988349,0.000000001,0,0,134.654223046,0.000745002,0,0.020897475,0.000000875,0.006044161,,0c982165-5392-43e2-8e64-b2ef6701844e,COMPONENT_LIFECYCLE_STEP
1770309e-9fa1-4514-a975-04e92fa59dd7,2615832001,DEFAULT,,MAIN FABRIC (WOVEN),2615832001_MAIN_FABRIC,2615832001_MAIN_FABRIC_REANALYSIS,,,,WEAVING,2.053895637,4.725908189,0.171572268,0.010351134,0.000000024,0.077538133,0.000000038,26.437510353,0.151367288,0.001989728,0,0,0.000201146,2.837502285,0.00109388,0,0.020191748,0.000004184,0.005362719,,0c982165-5392-43e2-8e64-b2ef6701844e,COMPONENT_LIFECYCLE_STEP
1770309e-9fa1-4514-a975-04e92fa59dd7,2615832001,DEFAULT,,MAIN FABRIC (WOVEN),2615832001_MAIN_FABRIC,2615832001_MAIN_FABRIC_REANALYSIS,,,,SPINNING,2.509384105,4.256951557,0.226299241,0.012373238,0.000000019,0.057048126,0.000000034,30.448604919,0,0.002466957,0,0,0,3.742589769,0.001321535,0,0.025761423,0.000001747,0.006669964,,0c982165-5392-43e2-8e64-b2ef6701844e,COMPONENT_LIFECYCLE_STEP
1770309e-9fa1-4514-a975-04e92fa59dd7,2615832001,DEFAULT,,MAIN FABRIC (WOVEN),2615832001_MAIN_FABRIC,2615832001_MAIN_FABRIC_REANALYSIS,,1,REGENERATIVE COTTON,MATERIAL IMPACT,0.386943389,396.10604676,18.337490697,0.017453595,0.000000001,0.002136095,0.000000112,0.94042119,0,0.046273073,0,0,0,2.994504141,0.006905388,0,0.079190489,0.000000521,0.002425323,f615a57c-9e3a-4cf2-bc31-e417088874f9,0c982165-5392-43e2-8e64-b2ef6701844e,MATERIAL_IMPACT
1770309e-9fa1-4514-a975-04e92fa59dd7,2615832001,DEFAULT,,MAIN FABRIC (WOVEN),2615832001_MAIN_FABRIC,2615832001_MAIN_FABRIC_REANALYSIS,,1,REGENERATIVE COTTON,PREPARATION,0,0,0,0,0,0,0,0,0,0,0,0,0,0,0,0,0,0,0,f615a57c-9e3a-4cf2-bc31-e417088874f9,0c982165-5392-43e2-8e64-b2ef6701844e,MATERIAL_LIFECYCLE_STEP
1770309e-9fa1-4514-a975-04e92fa59dd7,2615832001,DEFAULT,,MAIN FABRIC (WOVEN),2615832001_MAIN_FABRIC,2615832001_MAIN_FABRIC_REANALYSIS,,1,REGENERATIVE COTTON,RAW_MATERIAL_MODEL,0.386943389,396.10604676,18.337490697,0.017453595,0.000000001,0.002136095,0.000000112,0.94042119,0,0.046273073,0,0,0,2.994504141,0.006905388,0,0.079190489,0.000000521,0.002425323,f615a57c-9e3a-4cf2-bc31-e417088874f9,0c982165-5392-43e2-8e64-b2ef6701844e,MATERIAL_LIFECYCLE_STEP
1770309e-9fa1-4514-a975-04e92fa59dd7,2615832001,DEFAULT,,MAIN FABRIC (WOVEN),2615832001_MAIN_FABRIC,2615832001_MAIN_FABRIC_REANALYSIS,,1,REGENERATIVE COTTON,HARVESTING,0,0,0,0,0,0,0,0,0,0,0,0,0,0,0,0,0,0,0,f615a57c-9e3a-4cf2-bc31-e417088874f9,0c982165-5392-43e2-8e64-b2ef6701844e,MATERIAL_LIFECYCLE_STEP
24999a04-f722-4ea2-87cd-c05e796a2c7c,2616373004,DEFAULT,CHOICE_PLOT_357,,,,182,,,PRODUCT IMPACT,4.249197515,209.196378828,9.526684576,0.0312632,0.000000037,1.314037508,0.000000221,71.257895846,0.242119606,0.028108578,0.000000001,0,0.000101129,73.953572984,0.005167674,0,0.089256327,0.000005825,0.013696939,,,PRODUCT_IMPACT
24999a04-f722-4ea2-87cd-c05e796a2c7c,2616373004,DEFAULT,,,,,,,,END_OF_LIFE,0.211834971,0.000239621,0,0.000074277,0,-0.025608371,0.000000001,-0.21753233,0,0.000127585,0,0,0,0,0.000001625,0,0.000446836,0.00000001,0.000187889,,,PRODUCT_LIFECYCLE_STEP
24999a04-f722-4ea2-87cd-c05e796a2c7c,2616373004,DEFAULT,,,,,,,,USE_PHASE,0.183023649,0.820078254,0.051586787,0.000781644,0.000000007,1.240604882,0.000000011,27.297679704,0,0.000231819,0,0,0,1.065233214,0.000036121,0,0.001711141,0.000001485,0.000428443,,,PRODUCT_LIFECYCLE_STEP
24999a04-f722-4ea2-87cd-c05e796a2c7c,2616373004,DEFAULT,,,,,,,,DISTRIBUTION,0.024531325,0,0,0.000153508,0,0.002981479,0.000000002,0.36449322,0,0.000077519,0,0,0,0,0.000000009,0,0.000809744,0.000000082,0.000152695,,,PRODUCT_LIFECYCLE_STEP
24999a04-f722-4ea2-87cd-c05e796a2c7c,2616373004,DEFAULT,,,,,,,,WAREHOUSE,0,0,0,0,0,0,0,0,0,0,0,0,0,0,0,0,0,0,0,,,PRODUCT_LIFECYCLE_STEP
24999a04-f722-4ea2-87cd-c05e796a2c7c,2616373004,DEFAULT,,,,,,,,PRODUCT_TRANSPORT,0.070873035,0.026188027,0.000894908,0.001356305,0,0.00308583,0.000000007,0.949373742,0.041943982,0.000423552,0,0,0,0.182758794,0.000001009,0,0.004693783,0.000000141,0.001055953,,,PRODUCT_LIFECYCLE_STEP
24999a04-f722-4ea2-87cd-c05e796a2c7c,2616373004,DEFAULT,,,,,,,,MANUFACTURING,0.551370298,0.935351683,0.049723229,0.002718689,0.000000004,0.012534806,0.000000008,6.690269664,0,0.000542048,0,0,0,0.822334385,0.000290372,0,0.005660386,0.000000384,0.001465547,,,PRODUCT_LIFECYCLE_STEP
24999a04-f722-4ea2-87cd-c05e796a2c7c,2616373004,DEFAULT,,MAIN FABRIC (WOVEN),2616373004_MAIN_FABRIC,2616373004_MAIN_FABRIC_REANALYSIS,182,,,COMPONENT IMPACT,3.207564238,207.414521242,9.424479653,0.026178777,0.000000025,0.080438882,0.000000193,36.173611846,0.200175624,0.026706055,0.000000001,0,0.000101129,71.883246592,0.004838537,0,0.075934437,0.000003724,0.010406412,,3609044f-09ef-42ef-b4b8-074eae293be5,COMPONENT_IMPACT
24999a04-f722-4ea2-87cd-c05e796a2c7c,2616373004,DEFAULT,,MAIN FABRIC (WOVEN),2616373004_MAIN_FABRIC,2616373004_MAIN_FABRIC_REANALYSIS,,,,WEAVING,0.610488456,1.659897043,0.048191625,0.003122713,0.000000009,0.029386522,0.000000013,8.169667895,0.076101786,0.000585365,0,0,0.000101129,0.797004365,0.000327651,0,0.00581802,0.00000181,0.00157414,,3609044f-09ef-42ef-b4b8-074eae293be5,COMPONENT_LIFECYCLE_STEP
24999a04-f722-4ea2-87cd-c05e796a2c7c,2616373004,DEFAULT,,MAIN FABRIC (WOVEN),2616373004_MAIN_FABRIC,2616373004_MAIN_FABRIC_REANALYSIS,,,,SPINNING,1.261624053,2.140235313,0.113774757,0.006220799,0.000000009,0.028681655,0.000000017,15.308414628,0,0.001240293,0,0,0,1.88163353,0.000664418,0,0.012951876,0.000000878,0.003353407,,3609044f-09ef-42ef-b4b8-074eae293be5,COMPONENT_LIFECYCLE_STEP
24999a04-f722-4ea2-87cd-c05e796a2c7c,2616373004,DEFAULT,,MAIN FABRIC (WOVEN),2616373004_MAIN_FABRIC,2616373004_MAIN_FABRIC_REANALYSIS,,,,COMPONENT_TRANSPORT,0.124073838,0,0,0.001460869,0,0.008625133,0.000000017,1.761048023,0.124073838,0.000616367,0,0,0,0,0.000000139,0,0.006844073,0.000000334,0.001220726,,3609044f-09ef-42ef-b4b8-074eae293be5,COMPONENT_LIFECYCLE_STEP
24999a04-f722-4ea2-87cd-c05e796a2c7c,2616373004,DEFAULT,,MAIN FABRIC (WOVEN),2616373004_MAIN_FABRIC,2616373004_MAIN_FABRIC_REANALYSIS,,,,DYEING,1.016837292,4.467149907,0.043111871,0.006599384,0.000000006,0.012671624,0.000000089,10.461672856,0,0.000999667,0.000000001,0,0,67.699084515,0.000374559,0,0.010506465,0.00000044,0.003038777,,3609044f-09ef-42ef-b4b8-074eae293be5,COMPONENT_LIFECYCLE_STEP
24999a04-f722-4ea2-87cd-c05e796a2c7c,2616373004,DEFAULT,,MAIN FABRIC (WOVEN),2616373004_MAIN_FABRIC,2616373004_MAIN_FABRIC_REANALYSIS,,1,REGENERATIVE COTTON,MATERIAL IMPACT,0.194540599,199.147238979,9.2194014,0.008775012,0,0.001073948,0.000000056,0.472808443,0,0.023264363,0,0,0,1.505524181,0.00347177,0,0.039814003,0.000000262,0.001219361,cd360b33-2ef3-40de-b8bb-a90b1a7fd4d3,3609044f-09ef-42ef-b4b8-074eae293be5,MATERIAL_IMPACT
24999a04-f722-4ea2-87cd-c05e796a2c7c,2616373004,DEFAULT,,MAIN FABRIC (WOVEN),2616373004_MAIN_FABRIC,2616373004_MAIN_FABRIC_REANALYSIS,,1,REGENERATIVE COTTON,HARVESTING,0,0,0,0,0,0,0,0,0,0,0,0,0,0,0,0,0,0,0,cd360b33-2ef3-40de-b8bb-a90b1a7fd4d3,3609044f-09ef-42ef-b4b8-074eae293be5,MATERIAL_LIFECYCLE_STEP
24999a04-f722-4ea2-87cd-c05e796a2c7c,2616373004,DEFAULT,,MAIN FABRIC (WOVEN),2616373004_MAIN_FABRIC,2616373004_MAIN_FABRIC_REANALYSIS,,1,REGENERATIVE COTTON,PREPARATION,0,0,0,0,0,0,0,0,0,0,0,0,0,0,0,0,0,0,0,cd360b33-2ef3-40de-b8bb-a90b1a7fd4d3,3609044f-09ef-42ef-b4b8-074eae293be5,MATERIAL_LIFECYCLE_STEP
24999a04-f722-4ea2-87cd-c05e796a2c7c,2616373004,DEFAULT,,MAIN FABRIC (WOVEN),2616373004_MAIN_FABRIC,2616373004_MAIN_FABRIC_REANALYSIS,,1,REGENERATIVE COTTON,RAW_MATERIAL_MODEL,0.194540599,199.147238979,9.2194014,0.008775012,0,0.001073948,0.000000056,0.472808443,0,0.023264363,0,0,0,1.505524181,0.00347177,0,0.039814003,0.000000262,0.001219361,cd360b33-2ef3-40de-b8bb-a90b1a7fd4d3,3609044f-09ef-42ef-b4b8-074eae293be5,MATERIAL_LIFECYCLE_STEP
24c64ae7-2239-4b0a-b42c-d3dbb4edf947,2615839002,DEFAULT,CHOICE_PLOT_357,,,,362,,,PRODUCT IMPACT,8.53022975,415.61786241,18.913783529,0.062725961,0.000000066,1.142926016,0.000000431,112.823738732,0.483424736,0.055931041,0.000000002,0,0.000201146,146.264757642,0.010390542,0.000000001,0.178621666,0.000010028,0.027534418,,,PRODUCT_IMPACT
24c64ae7-2239-4b0a-b42c-d3dbb4edf947,2615839002,DEFAULT,,,,,,,,END_OF_LIFE,0.421685533,0.001853482,0,0.000148821,0,-0.050934633,0.000000001,-0.428232344,0,0.000254117,0,0,0,0,0.000003234,0,0.00089324,0.00000002,0.000374575,,,PRODUCT_LIFECYCLE_STEP
24c64ae7-2239-4b0a-b42c-d3dbb4edf947,2615839002,DEFAULT,,,,,,,,USE_PHASE,0.146059515,0.654452211,0.041168128,0.00062378,0.000000006,0.990047722,0.000000008,21.784539151,0,0.000185,0,0,0,0.850094766,0.000028826,0,0.001365552,0.000001185,0.000341913,,,PRODUCT_LIFECYCLE_STEP
24c64ae7-2239-4b0a-b42c-d3dbb4edf947,2615839002,DEFAULT,,,,,,,,DISTRIBUTION,0.048793075,0,0,0.000305329,0,0.005930194,0.000000004,0.72498102,0,0.000154186,0,0,0,0,0.000000018,0,0.00161059,0.000000162,0.000303713,,,PRODUCT_LIFECYCLE_STEP
24c64ae7-2239-4b0a-b42c-d3dbb4edf947,2615839002,DEFAULT,,,,,,,,WAREHOUSE,0,0,0,0,0,0,0,0,0,0,0,0,0,0,0,0,0,0,0,,,PRODUCT_LIFECYCLE_STEP
24c64ae7-2239-4b0a-b42c-d3dbb4edf947,2615839002,DEFAULT,,,,,,,,PRODUCT_TRANSPORT,0.140967245,0.052088274,0.001779982,0.002697705,0.000000001,0.00613775,0.000000013,1.888314806,0.083427041,0.00084245,0,0,0,0.36350925,0.000002007,0,0.009335987,0.00000028,0.002100302,,,PRODUCT_LIFECYCLE_STEP
24c64ae7-2239-4b0a-b42c-d3dbb4edf947,2615839002,DEFAULT,,,,,,,,MANUFACTURING,0.551370298,0.935351683,0.049723229,0.002718689,0.000000004,0.012534806,0.000000008,6.690269664,0,0.000542048,0,0,0,0.822334385,0.000290372,0,0.005660386,0.000000384,0.001465547,,,PRODUCT_LIFECYCLE_STEP
24c64ae7-2239-4b0a-b42c-d3dbb4edf947,2615839002,DEFAULT,,MAIN FABRIC (WOVEN),2615839002_MAIN FABRIC_REANALYSIS,2615839002_MAIN FABRIC_REANALYSIS,271.5,,,COMPONENT IMPACT,5.416477108,310.480587571,14.115834143,0.042179162,0.000000041,0.134439718,0.000000297,61.629450783,0.300459815,0.040467222,0.000000001,0,0.000150859,108.171614431,0.007549563,0.000000001,0.119842392,0.000005999,0.017215817,,1d81b8c1-7c3a-4752-a7c6-40b1d6532fef,COMPONENT_IMPACT
24c64ae7-2239-4b0a-b42c-d3dbb4edf947,2615839002,DEFAULT,,MAIN FABRIC (WOVEN),2615839002_MAIN FABRIC_REANALYSIS,2615839002_MAIN FABRIC_REANALYSIS,,,,DYEING,1.516875411,6.663907691,0.064312488,0.009844685,0.000000009,0.018903,0.000000132,15.606286705,0,0.001491262,0.000000001,0,0,100.990667285,0.000558752,0,0.015673106,0.000000656,0.004533121,,1d81b8c1-7c3a-4752-a7c6-40b1d6532fef,COMPONENT_LIFECYCLE_STEP
24c64ae7-2239-4b0a-b42c-d3dbb4edf947,2615839002,DEFAULT,,MAIN FABRIC (WOVEN),2615839002_MAIN FABRIC_REANALYSIS,2615839002_MAIN FABRIC_REANALYSIS,,,,SPINNING,1.882038079,3.192713668,0.169724431,0.009279928,0.000000014,0.042786095,0.000000026,22.836453689,0,0.001850218,0,0,0,2.806942327,0.000991151,0,0.019321068,0.00000131,0.005002473,,1d81b8c1-7c3a-4752-a7c6-40b1d6532fef,COMPONENT_LIFECYCLE_STEP
24c64ae7-2239-4b0a-b42c-d3dbb4edf947,2615839002,DEFAULT,,MAIN FABRIC (WOVEN),2615839002_MAIN FABRIC_REANALYSIS,2615839002_MAIN FABRIC_REANALYSIS,,,,WEAVING,1.540421728,3.544431142,0.128679201,0.007763351,0.000000018,0.0581536,0.000000029,19.828132765,0.113525466,0.001492296,0,0,0.000150859,2.128126714,0.00082041,0,0.015143811,0.000003138,0.004022039,,1d81b8c1-7c3a-4752-a7c6-40b1d6532fef,COMPONENT_LIFECYCLE_STEP
24c64ae7-2239-4b0a-b42c-d3dbb4edf947,2615839002,DEFAULT,,MAIN FABRIC (WOVEN),2615839002_MAIN FABRIC_REANALYSIS,2615839002_MAIN FABRIC_REANALYSIS,,,,COMPONENT_TRANSPORT,0.186934349,0,0,0.002201001,0,0.012994952,0.000000026,2.653261731,0.186934349,0.000928642,0,0,0,0,0.00000021,0,0.01031154,0.000000504,0.001839193,,1d81b8c1-7c3a-4752-a7c6-40b1d6532fef,COMPONENT_LIFECYCLE_STEP
24c64ae7-2239-4b0a-b42c-d3dbb4edf947,2615839002,DEFAULT,,MAIN FABRIC (WOVEN),2615839002_MAIN FABRIC_REANALYSIS,2615839002_MAIN FABRIC_REANALYSIS,,1,REGENERATIVE COTTON,MATERIAL IMPACT,0.290207541,297.07953507,13.753118023,0.013090196,0,0.001602071,0.000000084,0.705315892,0,0.034704805,0,0,0,2.245878106,0.005179041,0,0.059392867,0.00000039,0.001818992,8f22abf2-c078-4870-bc95-c891c1d46134,1d81b8c1-7c3a-4752-a7c6-40b1d6532fef,MATERIAL_IMPACT
24c64ae7-2239-4b0a-b42c-d3dbb4edf947,2615839002,DEFAULT,,MAIN FABRIC (WOVEN),2615839002_MAIN FABRIC_REANALYSIS,2615839002_MAIN FABRIC_REANALYSIS,,1,REGENERATIVE COTTON,HARVESTING,0,0,0,0,0,0,0,0,0,0,0,0,0,0,0,0,0,0,0,8f22abf2-c078-4870-bc95-c891c1d46134,1d81b8c1-7c3a-4752-a7c6-40b1d6532fef,MATERIAL_LIFECYCLE_STEP
24c64ae7-2239-4b0a-b42c-d3dbb4edf947,2615839002,DEFAULT,,MAIN FABRIC (WOVEN),2615839002_MAIN FABRIC_REANALYSIS,2615839002_MAIN FABRIC_REANALYSIS,,1,REGENERATIVE COTTON,RAW_MATERIAL_MODEL,0.290207541,297.07953507,13.753118023,0.013090196,0,0.001602071,0.000000084,0.705315892,0,0.034704805,0,0,0,2.245878106,0.005179041,0,0.059392867,0.00000039,0.001818992,8f22abf2-c078-4870-bc95-c891c1d46134,1d81b8c1-7c3a-4752-a7c6-40b1d6532fef,MATERIAL_LIFECYCLE_STEP
24c64ae7-2239-4b0a-b42c-d3dbb4edf947,2615839002,DEFAULT,,MAIN FABRIC (WOVEN),2615839002_MAIN FABRIC_REANALYSIS,2615839002_MAIN FABRIC_REANALYSIS,,1,REGENERATIVE COTTON,PREPARATION,0,0,0,0,0,0,0,0,0,0,0,0,0,0,0,0,0,0,0,8f22abf2-c078-4870-bc95-c891c1d46134,1d81b8c1-7c3a-4752-a7c6-40b1d6532fef,MATERIAL_LIFECYCLE_STEP
24c64ae7-2239-4b0a-b42c-d3dbb4edf947,2615839002,DEFAULT,,LININGS,2615839002_LININGS_REANALYSIS,2615839002_LININGS_REANALYSIS,90.5,,,COMPONENT IMPACT,1.804876976,103.49352919,4.705278048,0.014052475,0.000000014,0.04477046,0.000000099,20.534415652,0.099537879,0.013486017,0,0,0.000050286,36.05720481,0.00251652,0,0.039913518,0.000001998,0.005732551,,5ce00ab4-6bf0-480f-8e9c-7aa891ced2c1,COMPONENT_IMPACT
24c64ae7-2239-4b0a-b42c-d3dbb4edf947,2615839002,DEFAULT,,LININGS,2615839002_LININGS_REANALYSIS,2615839002_LININGS_REANALYSIS,,,,DYEING,0.505625137,2.221302564,0.021437496,0.003281562,0.000000003,0.006301,0.000000044,5.202095568,0,0.000497087,0,0,0,33.663555762,0.000186251,0,0.005224369,0.000000219,0.00151104,,5ce00ab4-6bf0-480f-8e9c-7aa891ced2c1,COMPONENT_LIFECYCLE_STEP
24c64ae7-2239-4b0a-b42c-d3dbb4edf947,2615839002,DEFAULT,,LININGS,2615839002_LININGS_REANALYSIS,2615839002_LININGS_REANALYSIS,,,,WEAVING,0.513473909,1.181477047,0.042893067,0.002587784,0.000000006,0.019384533,0.00000001,6.609377588,0.037841822,0.000497432,0,0,0.000050286,0.709375571,0.00027347,0,0.005047937,0.000001046,0.00134068,,5ce00ab4-6bf0-480f-8e9c-7aa891ced2c1,COMPONENT_LIFECYCLE_STEP
24c64ae7-2239-4b0a-b42c-d3dbb4edf947,2615839002,DEFAULT,,LININGS,2615839002_LININGS_REANALYSIS,2615839002_LININGS_REANALYSIS,,,,COMPONENT_TRANSPORT,0.061696057,0,0,0.000726421,0,0.004288871,0.000000009,0.875685968,0.061696057,0.00030649,0,0,0,0,0.000000069,0,0.003403234,0.000000166,0.00060701,,5ce00ab4-6bf0-480f-8e9c-7aa891ced2c1,COMPONENT_LIFECYCLE_STEP
24c64ae7-2239-4b0a-b42c-d3dbb4edf947,2615839002,DEFAULT,,LININGS,2615839002_LININGS_REANALYSIS,2615839002_LININGS_REANALYSIS,,,,SPINNING,0.627346026,1.064237889,0.05657481,0.003093309,0.000000005,0.014262032,0.000000009,7.61215123,0,0.000616739,0,0,0,0.935647442,0.000330384,0,0.006440356,0.000000437,0.001667491,,5ce00ab4-6bf0-480f-8e9c-7aa891ced2c1,COMPONENT_LIFECYCLE_STEP
24c64ae7-2239-4b0a-b42c-d3dbb4edf947,2615839002,DEFAULT,,LININGS,2615839002_LININGS_REANALYSIS,2615839002_LININGS_REANALYSIS,,1,REGENERATIVE COTTON,MATERIAL IMPACT,0.096735847,99.02651169,4.584372674,0.004363399,0,0.000534024,0.000000028,0.235105297,0,0.011568268,0,0,0,0.748626035,0.001726347,0,0.019797622,0.00000013,0.000606331,ead4065b-5ffa-4df8-8768-aadabd874699,5ce00ab4-6bf0-480f-8e9c-7aa891ced2c1,MATERIAL_IMPACT
24c64ae7-2239-4b0a-b42c-d3dbb4edf947,2615839002,DEFAULT,,LININGS,2615839002_LININGS_REANALYSIS,2615839002_LININGS_REANALYSIS,,1,REGENERATIVE COTTON,RAW_MATERIAL_MODEL,0.096735847,99.02651169,4.584372674,0.004363399,0,0.000534024,0.000000028,0.235105297,0,0.011568268,0,0,0,0.748626035,0.001726347,0,0.019797622,0.00000013,0.000606331,ead4065b-5ffa-4df8-8768-aadabd874699,5ce00ab4-6bf0-480f-8e9c-7aa891ced2c1,MATERIAL_LIFECYCLE_STEP
24c64ae7-2239-4b0a-b42c-d3dbb4edf947,2615839002,DEFAULT,,LININGS,2615839002_LININGS_REANALYSIS,2615839002_LININGS_REANALYSIS,,1,REGENERATIVE COTTON,PREPARATION,0,0,0,0,0,0,0,0,0,0,0,0,0,0,0,0,0,0,0,ead4065b-5ffa-4df8-8768-aadabd874699,5ce00ab4-6bf0-480f-8e9c-7aa891ced2c1,MATERIAL_LIFECYCLE_STEP
24c64ae7-2239-4b0a-b42c-d3dbb4edf947,2615839002,DEFAULT,,LININGS,2615839002_LININGS_REANALYSIS,2615839002_LININGS_REANALYSIS,,1,REGENERATIVE COTTON,HARVESTING,0,0,0,0,0,0,0,0,0,0,0,0,0,0,0,0,0,0,0,ead4065b-5ffa-4df8-8768-aadabd874699,5ce00ab4-6bf0-480f-8e9c-7aa891ced2c1,MATERIAL_LIFECYCLE_STEP
2c51a5c9-77fe-46c2-98f7-631d178439c0,2616435002,DEFAULT,CHOICE_PLOT_357,,,,279,,,PRODUCT IMPACT,6.699517861,320.539251919,14.588631691,0.048951138,0.000000052,0.884448831,0.000000333,88.486672471,0.371161374,0.043224435,0.000000002,0,0.000155027,112.918148463,0.008074779,0.000000001,0.138887413,0.000007814,0.021543578,,,PRODUCT_IMPACT
2c51a5c9-77fe-46c2-98f7-631d178439c0,2616435002,DEFAULT,,,,,,,,END_OF_LIFE,0.325000729,0.001428512,0,0.000114699,0,-0.03925625,0.000000001,-0.330046475,0,0.000195853,0,0,0,0,0.000002493,0,0.000688436,0.000000015,0.000288692,,,PRODUCT_LIFECYCLE_STEP
2c51a5c9-77fe-46c2-98f7-631d178439c0,2616435002,DEFAULT,,,,,,,,USE_PHASE,0.112688727,0.504926959,0.031762285,0.000481263,0.000000005,0.763847654,0.000000007,16.807340435,0,0.000142732,0,0,0,0.655870296,0.00002224,0,0.001053559,0.000000914,0.000263795,,,PRODUCT_LIFECYCLE_STEP
2c51a5c9-77fe-46c2-98f7-631d178439c0,2616435002,DEFAULT,,,,,,,,DISTRIBUTION,0.037605713,0,0,0.000235323,0,0.004570508,0.000000003,0.55875609,0,0.000118834,0,0,0,0,0.000000014,0,0.001241311,0.000000125,0.000234077,,,PRODUCT_LIFECYCLE_STEP
2c51a5c9-77fe-46c2-98f7-631d178439c0,2616435002,DEFAULT,,,,,,,,WAREHOUSE,0,0,0,0,0,0,0,0,0,0,0,0,0,0,0,0,0,0,0,,,PRODUCT_LIFECYCLE_STEP
2c51a5c9-77fe-46c2-98f7-631d178439c0,2616435002,DEFAULT,,,,,,,,PRODUCT_TRANSPORT,0.108646026,0.040145383,0.001371864,0.00207917,0.000000001,0.004730476,0.00000001,1.455358649,0.064298742,0.000649291,0,0,0,0.280163206,0.000001547,0,0.007195415,0.000000216,0.001618741,,,PRODUCT_LIFECYCLE_STEP
2c51a5c9-77fe-46c2-98f7-631d178439c0,2616435002,DEFAULT,,,,,,,,MANUFACTURING,0.551370298,0.935351683,0.049723229,0.002718689,0.000000004,0.012534806,0.000000008,6.690269664,0,0.000542048,0,0,0,0.822334385,0.000290372,0,0.005660386,0.000000384,0.001465547,,,PRODUCT_LIFECYCLE_STEP
2c51a5c9-77fe-46c2-98f7-631d178439c0,2616435002,DEFAULT,,MAIN FABRIC (WOVEN),2616435002_MAIN_FABRIC,2616435002_MAIN_FABRIC_REANALYSIS,279,,,COMPONENT IMPACT,5.564206369,319.057399382,14.505774313,0.043321994,0.000000042,0.138021638,0.000000305,63.304994108,0.306862632,0.041575677,0.000000001,0,0.000155027,111.159780575,0.007758113,0.000000001,0.123048304,0.000006159,0.017672727,,ad402e3b-3b0c-4bad-b83f-fcfd39c740ac,COMPONENT_IMPACT
2c51a5c9-77fe-46c2-98f7-631d178439c0,2616435002,DEFAULT,,MAIN FABRIC (WOVEN),2616435002_MAIN_FABRIC,2616435002_MAIN_FABRIC_REANALYSIS,,,,DYEING,1.558778046,6.847993539,0.066089076,0.010116638,0.000000009,0.019425183,0.000000136,16.037399598,0,0.001532457,0.000000001,0,0,103.780464723,0.000574187,0,0.016106065,0.000000674,0.004658345,,ad402e3b-3b0c-4bad-b83f-fcfd39c740ac,COMPONENT_LIFECYCLE_STEP
2c51a5c9-77fe-46c2-98f7-631d178439c0,2616435002,DEFAULT,,MAIN FABRIC (WOVEN),2616435002_MAIN_FABRIC,2616435002_MAIN_FABRIC_REANALYSIS,,,,WEAVING,1.582974814,3.642343604,0.132233875,0.007977808,0.000000018,0.059760053,0.000000029,20.375871239,0.116661529,0.00153352,0,0,0.000155027,2.186914744,0.000843073,0,0.015562149,0.000003225,0.004133145,,ad402e3b-3b0c-4bad-b83f-fcfd39c740ac,COMPONENT_LIFECYCLE_STEP
2c51a5c9-77fe-46c2-98f7-631d178439c0,2616435002,DEFAULT,,MAIN FABRIC (WOVEN),2616435002_MAIN_FABRIC,2616435002_MAIN_FABRIC_REANALYSIS,,,,COMPONENT_TRANSPORT,0.190201103,0,0,0.002239465,0,0.013222044,0.000000027,2.699628563,0.190201103,0.00094487,0,0,0,0,0.000000213,0,0.010491738,0.000000512,0.001871333,,ad402e3b-3b0c-4bad-b83f-fcfd39c740ac,COMPONENT_LIFECYCLE_STEP
2c51a5c9-77fe-46c2-98f7-631d178439c0,2616435002,DEFAULT,,MAIN FABRIC (WOVEN),2616435002_MAIN_FABRIC,2616435002_MAIN_FABRIC_REANALYSIS,,,,SPINNING,1.934028081,3.280910178,0.174412951,0.00953628,0.000000014,0.043968031,0.000000026,23.467294951,0,0.001901329,0,0,0,2.88448217,0.001018531,0,0.019854799,0.000001347,0.005140663,,ad402e3b-3b0c-4bad-b83f-fcfd39c740ac,COMPONENT_LIFECYCLE_STEP
2c51a5c9-77fe-46c2-98f7-631d178439c0,2616435002,DEFAULT,,MAIN FABRIC (WOVEN),2616435002_MAIN_FABRIC,2616435002_MAIN_FABRIC_REANALYSIS,,1,REGENERATIVE COTTON,MATERIAL IMPACT,0.298224324,305.286152061,14.13303841,0.013451804,0.000000001,0.001646327,0.000000087,0.724799757,0,0.035663501,0,0,0,2.307918937,0.005322108,0,0.061033554,0.000000401,0.00186924,fd2e6e75-80dd-4532-abad-5a782df1c395,ad402e3b-3b0c-4bad-b83f-fcfd39c740ac,MATERIAL_IMPACT
2c51a5c9-77fe-46c2-98f7-631d178439c0,2616435002,DEFAULT,,MAIN FABRIC (WOVEN),2616435002_MAIN_FABRIC,2616435002_MAIN_FABRIC_REANALYSIS,,1,REGENERATIVE COTTON,HARVESTING,0,0,0,0,0,0,0,0,0,0,0,0,0,0,0,0,0,0,0,fd2e6e75-80dd-4532-abad-5a782df1c395,ad402e3b-3b0c-4bad-b83f-fcfd39c740ac,MATERIAL_LIFECYCLE_STEP
2c51a5c9-77fe-46c2-98f7-631d178439c0,2616435002,DEFAULT,,MAIN FABRIC (WOVEN),2616435002_MAIN_FABRIC,2616435002_MAIN_FABRIC_REANALYSIS,,1,REGENERATIVE COTTON,RAW_MATERIAL_MODEL,0.298224324,305.286152061,14.13303841,0.013451804,0.000000001,0.001646327,0.000000087,0.724799757,0,0.035663501,0,0,0,2.307918937,0.005322108,0,0.061033554,0.000000401,0.00186924,fd2e6e75-80dd-4532-abad-5a782df1c395,ad402e3b-3b0c-4bad-b83f-fcfd39c740ac,MATERIAL_LIFECYCLE_STEP
2c51a5c9-77fe-46c2-98f7-631d178439c0,2616435002,DEFAULT,,MAIN FABRIC (WOVEN),2616435002_MAIN_FABRIC,2616435002_MAIN_FABRIC_REANALYSIS,,1,REGENERATIVE COTTON,PREPARATION,0,0,0,0,0,0,0,0,0,0,0,0,0,0,0,0,0,0,0,fd2e6e75-80dd-4532-abad-5a782df1c395,ad402e3b-3b0c-4bad-b83f-fcfd39c740ac,MATERIAL_LIFECYCLE_STEP
345171ba-f795-4f70-b40c-ab190e6a4c31,2615832002,DEFAULT,CHOICE_PLOT_357,,,,362,,,PRODUCT IMPACT,8.528383571,415.61786241,18.913783529,0.062704224,0.000000066,1.142797677,0.00000043,112.797534903,0.481578557,0.055921869,0.000000002,0,0.000201146,146.264757642,0.01039054,0.000000001,0.178519828,0.000010023,0.027516254,,,PRODUCT_IMPACT
345171ba-f795-4f70-b40c-ab190e6a4c31,2615832002,DEFAULT,,,,,,,,END_OF_LIFE,0.421685533,0.001853482,0,0.000148821,0,-0.050934633,0.000000001,-0.428232344,0,0.000254117,0,0,0,0,0.000003234,0,0.00089324,0.00000002,0.000374575,,,PRODUCT_LIFECYCLE_STEP
345171ba-f795-4f70-b40c-ab190e6a4c31,2615832002,DEFAULT,,,,,,,,USE_PHASE,0.146059515,0.654452211,0.041168128,0.00062378,0.000000006,0.990047722,0.000000008,21.784539151,0,0.000185,0,0,0,0.850094766,0.000028826,0,0.001365552,0.000001185,0.000341913,,,PRODUCT_LIFECYCLE_STEP
345171ba-f795-4f70-b40c-ab190e6a4c31,2615832002,DEFAULT,,,,,,,,DISTRIBUTION,0.048793075,0,0,0.000305329,0,0.005930194,0.000000004,0.72498102,0,0.000154186,0,0,0,0,0.000000018,0,0.00161059,0.000000162,0.000303713,,,PRODUCT_LIFECYCLE_STEP
345171ba-f795-4f70-b40c-ab190e6a4c31,2615832002,DEFAULT,,,,,,,,WAREHOUSE,0,0,0,0,0,0,0,0,0,0,0,0,0,0,0,0,0,0,0,,,PRODUCT_LIFECYCLE_STEP
345171ba-f795-4f70-b40c-ab190e6a4c31,2615832002,DEFAULT,,,,,,,,PRODUCT_TRANSPORT,0.140967245,0.052088274,0.001779982,0.002697705,0.000000001,0.00613775,0.000000013,1.888314806,0.083427041,0.00084245,0,0,0,0.36350925,0.000002007,0,0.009335987,0.00000028,0.002100302,,,PRODUCT_LIFECYCLE_STEP
345171ba-f795-4f70-b40c-ab190e6a4c31,2615832002,DEFAULT,,,,,,,,MANUFACTURING,0.551370298,0.935351683,0.049723229,0.002718689,0.000000004,0.012534806,0.000000008,6.690269664,0,0.000542048,0,0,0,0.822334385,0.000290372,0,0.005660386,0.000000384,0.001465547,,,PRODUCT_LIFECYCLE_STEP
345171ba-f795-4f70-b40c-ab190e6a4c31,2615832002,DEFAULT,,MAIN FABRIC (WOVEN),2615832002_MAIN_FABRIC,2615832002_MAIN_FABRIC_REANALYSIS,362,,,COMPONENT IMPACT,7.219507906,413.974116761,18.821112191,0.056209899,0.000000055,0.179081839,0.000000396,82.137662606,0.398151515,0.053944068,0.000000002,0,0.000201146,144.228819241,0.010066082,0.000000001,0.159654072,0.000007992,0.022930205,,71f41d4d-5976-44f5-8b1e-4a5b77516892,COMPONENT_IMPACT
345171ba-f795-4f70-b40c-ab190e6a4c31,2615832002,DEFAULT,,MAIN FABRIC (WOVEN),2615832002_MAIN_FABRIC,2615832002_MAIN_FABRIC_REANALYSIS,,,,COMPONENT_TRANSPORT,0.246784227,0,0,0.002905685,0,0.017155484,0.000000035,3.502743871,0.246784227,0.00122596,0,0,0,0,0.000000277,0,0.013612936,0.000000665,0.002428038,,71f41d4d-5976-44f5-8b1e-4a5b77516892,COMPONENT_LIFECYCLE_STEP
345171ba-f795-4f70-b40c-ab190e6a4c31,2615832002,DEFAULT,,MAIN FABRIC (WOVEN),2615832002_MAIN_FABRIC,2615832002_MAIN_FABRIC_REANALYSIS,,,,DYEING,2.022500548,8.885210255,0.085749984,0.013126247,0.000000012,0.025204,0.000000177,20.808382274,0,0.001988349,0.000000001,0,0,134.654223046,0.000745002,0,0.020897475,0.000000875,0.006044161,,71f41d4d-5976-44f5-8b1e-4a5b77516892,COMPONENT_LIFECYCLE_STEP
345171ba-f795-4f70-b40c-ab190e6a4c31,2615832002,DEFAULT,,MAIN FABRIC (WOVEN),2615832002_MAIN_FABRIC,2615832002_MAIN_FABRIC_REANALYSIS,,,,WEAVING,2.053895637,4.725908189,0.171572268,0.010351134,0.000000024,0.077538133,0.000000038,26.437510353,0.151367288,0.001989728,0,0,0.000201146,2.837502285,0.00109388,0,0.020191748,0.000004184,0.005362719,,71f41d4d-5976-44f5-8b1e-4a5b77516892,COMPONENT_LIFECYCLE_STEP
345171ba-f795-4f70-b40c-ab190e6a4c31,2615832002,DEFAULT,,MAIN FABRIC (WOVEN),2615832002_MAIN_FABRIC,2615832002_MAIN_FABRIC_REANALYSIS,,,,SPINNING,2.509384105,4.256951557,0.226299241,0.012373238,0.000000019,0.057048126,0.000000034,30.448604919,0,0.002466957,0,0,0,3.742589769,0.001321535,0,0.025761423,0.000001747,0.006669964,,71f41d4d-5976-44f5-8b1e-4a5b77516892,COMPONENT_LIFECYCLE_STEP
345171ba-f795-4f70-b40c-ab190e6a4c31,2615832002,DEFAULT,,MAIN FABRIC (WOVEN),2615832002_MAIN_FABRIC,2615832002_MAIN_FABRIC_REANALYSIS,,1,REGENERATIVE COTTON,MATERIAL IMPACT,0.386943389,396.10604676,18.337490697,0.017453595,0.000000001,0.002136095,0.000000112,0.94042119,0,0.046273073,0,0,0,2.994504141,0.006905388,0,0.079190489,0.000000521,0.002425323,70510344-65c3-48d8-8bbd-5008b6052366,71f41d4d-5976-44f5-8b1e-4a5b77516892,MATERIAL_IMPACT
345171ba-f795-4f70-b40c-ab190e6a4c31,2615832002,DEFAULT,,MAIN FABRIC (WOVEN),2615832002_MAIN_FABRIC,2615832002_MAIN_FABRIC_REANALYSIS,,1,REGENERATIVE COTTON,HARVESTING,0,0,0,0,0,0,0,0,0,0,0,0,0,0,0,0,0,0,0,70510344-65c3-48d8-8bbd-5008b6052366,71f41d4d-5976-44f5-8b1e-4a5b77516892,MATERIAL_LIFECYCLE_STEP
345171ba-f795-4f70-b40c-ab190e6a4c31,2615832002,DEFAULT,,MAIN FABRIC (WOVEN),2615832002_MAIN_FABRIC,2615832002_MAIN_FABRIC_REANALYSIS,,1,REGENERATIVE COTTON,RAW_MATERIAL_MODEL,0.386943389,396.10604676,18.337490697,0.017453595,0.000000001,0.002136095,0.000000112,0.94042119,0,0.046273073,0,0,0,2.994504141,0.006905388,0,0.079190489,0.000000521,0.002425323,70510344-65c3-48d8-8bbd-5008b6052366,71f41d4d-5976-44f5-8b1e-4a5b77516892,MATERIAL_LIFECYCLE_STEP
345171ba-f795-4f70-b40c-ab190e6a4c31,2615832002,DEFAULT,,MAIN FABRIC (WOVEN),2615832002_MAIN_FABRIC,2615832002_MAIN_FABRIC_REANALYSIS,,1,REGENERATIVE COTTON,PREPARATION,0,0,0,0,0,0,0,0,0,0,0,0,0,0,0,0,0,0,0,70510344-65c3-48d8-8bbd-5008b6052366,71f41d4d-5976-44f5-8b1e-4a5b77516892,MATERIAL_LIFECYCLE_STEP
3edef54c-4614-4a9d-964b-89d6c2c6c434,2616435001,DEFAULT,CHOICE_PLOT_357,,,,279,,,PRODUCT IMPACT,6.699517861,320.539251919,14.588631691,0.048951138,0.000000052,0.884448831,0.000000333,88.486672471,0.371161374,0.043224435,0.000000002,0,0.000155027,112.918148463,0.008074779,0.000000001,0.138887413,0.000007814,0.021543578,,,PRODUCT_IMPACT
3edef54c-4614-4a9d-964b-89d6c2c6c434,2616435001,DEFAULT,,,,,,,,END_OF_LIFE,0.325000729,0.001428512,0,0.000114699,0,-0.03925625,0.000000001,-0.330046475,0,0.000195853,0,0,0,0,0.000002493,0,0.000688436,0.000000015,0.000288692,,,PRODUCT_LIFECYCLE_STEP
3edef54c-4614-4a9d-964b-89d6c2c6c434,2616435001,DEFAULT,,,,,,,,USE_PHASE,0.112688727,0.504926959,0.031762285,0.000481263,0.000000005,0.763847654,0.000000007,16.807340435,0,0.000142732,0,0,0,0.655870296,0.00002224,0,0.001053559,0.000000914,0.000263795,,,PRODUCT_LIFECYCLE_STEP
3edef54c-4614-4a9d-964b-89d6c2c6c434,2616435001,DEFAULT,,,,,,,,DISTRIBUTION,0.037605713,0,0,0.000235323,0,0.004570508,0.000000003,0.55875609,0,0.000118834,0,0,0,0,0.000000014,0,0.001241311,0.000000125,0.000234077,,,PRODUCT_LIFECYCLE_STEP
3edef54c-4614-4a9d-964b-89d6c2c6c434,2616435001,DEFAULT,,,,,,,,WAREHOUSE,0,0,0,0,0,0,0,0,0,0,0,0,0,0,0,0,0,0,0,,,PRODUCT_LIFECYCLE_STEP
3edef54c-4614-4a9d-964b-89d6c2c6c434,2616435001,DEFAULT,,,,,,,,PRODUCT_TRANSPORT,0.108646026,0.040145383,0.001371864,0.00207917,0.000000001,0.004730476,0.00000001,1.455358649,0.064298742,0.000649291,0,0,0,0.280163206,0.000001547,0,0.007195415,0.000000216,0.001618741,,,PRODUCT_LIFECYCLE_STEP
3edef54c-4614-4a9d-964b-89d6c2c6c434,2616435001,DEFAULT,,,,,,,,MANUFACTURING,0.551370298,0.935351683,0.049723229,0.002718689,0.000000004,0.012534806,0.000000008,6.690269664,0,0.000542048,0,0,0,0.822334385,0.000290372,0,0.005660386,0.000000384,0.001465547,,,PRODUCT_LIFECYCLE_STEP
3edef54c-4614-4a9d-964b-89d6c2c6c434,2616435001,DEFAULT,,MAIN FABRIC (WOVEN),2616435001_MAIN_FABRIC,2616435001_MAIN_FABRIC_REANALYSIS,279,,,COMPONENT IMPACT,5.564206369,319.057399382,14.505774313,0.043321994,0.000000042,0.138021638,0.000000305,63.304994108,0.306862632,0.041575677,0.000000001,0,0.000155027,111.159780575,0.007758113,0.000000001,0.123048304,0.000006159,0.017672727,,e9ee07ed-bf4a-4e29-ad7f-6d8debc48ff6,COMPONENT_IMPACT
3edef54c-4614-4a9d-964b-89d6c2c6c434,2616435001,DEFAULT,,MAIN FABRIC (WOVEN),2616435001_MAIN_FABRIC,2616435001_MAIN_FABRIC_REANALYSIS,,,,DYEING,1.558778046,6.847993539,0.066089076,0.010116638,0.000000009,0.019425183,0.000000136,16.037399598,0,0.001532457,0.000000001,0,0,103.780464723,0.000574187,0,0.016106065,0.000000674,0.004658345,,e9ee07ed-bf4a-4e29-ad7f-6d8debc48ff6,COMPONENT_LIFECYCLE_STEP
3edef54c-4614-4a9d-964b-89d6c2c6c434,2616435001,DEFAULT,,MAIN FABRIC (WOVEN),2616435001_MAIN_FABRIC,2616435001_MAIN_FABRIC_REANALYSIS,,,,SPINNING,1.934028081,3.280910178,0.174412951,0.00953628,0.000000014,0.043968031,0.000000026,23.467294951,0,0.001901329,0,0,0,2.88448217,0.001018531,0,0.019854799,0.000001347,0.005140663,,e9ee07ed-bf4a-4e29-ad7f-6d8debc48ff6,COMPONENT_LIFECYCLE_STEP
3edef54c-4614-4a9d-964b-89d6c2c6c434,2616435001,DEFAULT,,MAIN FABRIC (WOVEN),2616435001_MAIN_FABRIC,2616435001_MAIN_FABRIC_REANALYSIS,,,,WEAVING,1.582974814,3.642343604,0.132233875,0.007977808,0.000000018,0.059760053,0.000000029,20.375871239,0.116661529,0.00153352,0,0,0.000155027,2.186914744,0.000843073,0,0.015562149,0.000003225,0.004133145,,e9ee07ed-bf4a-4e29-ad7f-6d8debc48ff6,COMPONENT_LIFECYCLE_STEP
3edef54c-4614-4a9d-964b-89d6c2c6c434,2616435001,DEFAULT,,MAIN FABRIC (WOVEN),2616435001_MAIN_FABRIC,2616435001_MAIN_FABRIC_REANALYSIS,,,,COMPONENT_TRANSPORT,0.190201103,0,0,0.002239465,0,0.013222044,0.000000027,2.699628563,0.190201103,0.00094487,0,0,0,0,0.000000213,0,0.010491738,0.000000512,0.001871333,,e9ee07ed-bf4a-4e29-ad7f-6d8debc48ff6,COMPONENT_LIFECYCLE_STEP
3edef54c-4614-4a9d-964b-89d6c2c6c434,2616435001,DEFAULT,,MAIN FABRIC (WOVEN),2616435001_MAIN_FABRIC,2616435001_MAIN_FABRIC_REANALYSIS,,1,REGENERATIVE COTTON,MATERIAL IMPACT,0.298224324,305.286152061,14.13303841,0.013451804,0.000000001,0.001646327,0.000000087,0.724799757,0,0.035663501,0,0,0,2.307918937,0.005322108,0,0.061033554,0.000000401,0.00186924,bc83d746-9b38-4f88-9c28-850724e56af5,e9ee07ed-bf4a-4e29-ad7f-6d8debc48ff6,MATERIAL_IMPACT
3edef54c-4614-4a9d-964b-89d6c2c6c434,2616435001,DEFAULT,,MAIN FABRIC (WOVEN),2616435001_MAIN_FABRIC,2616435001_MAIN_FABRIC_REANALYSIS,,1,REGENERATIVE COTTON,HARVESTING,0,0,0,0,0,0,0,0,0,0,0,0,0,0,0,0,0,0,0,bc83d746-9b38-4f88-9c28-850724e56af5,e9ee07ed-bf4a-4e29-ad7f-6d8debc48ff6,MATERIAL_LIFECYCLE_STEP
3edef54c-4614-4a9d-964b-89d6c2c6c434,2616435001,DEFAULT,,MAIN FABRIC (WOVEN),2616435001_MAIN_FABRIC,2616435001_MAIN_FABRIC_REANALYSIS,,1,REGENERATIVE COTTON,PREPARATION,0,0,0,0,0,0,0,0,0,0,0,0,0,0,0,0,0,0,0,bc83d746-9b38-4f88-9c28-850724e56af5,e9ee07ed-bf4a-4e29-ad7f-6d8debc48ff6,MATERIAL_LIFECYCLE_STEP
3edef54c-4614-4a9d-964b-89d6c2c6c434,2616435001,DEFAULT,,MAIN FABRIC (WOVEN),2616435001_MAIN_FABRIC,2616435001_MAIN_FABRIC_REANALYSIS,,1,REGENERATIVE COTTON,RAW_MATERIAL_MODEL,0.298224324,305.286152061,14.13303841,0.013451804,0.000000001,0.001646327,0.000000087,0.724799757,0,0.035663501,0,0,0,2.307918937,0.005322108,0,0.061033554,0.000000401,0.00186924,bc83d746-9b38-4f88-9c28-850724e56af5,e9ee07ed-bf4a-4e29-ad7f-6d8debc48ff6,MATERIAL_LIFECYCLE_STEP
433901e7-9b0e-46aa-a02f-37ca39c83187,2616438001,DEFAULT,CHOICE_PLOT_357,,,,473,,,PRODUCT IMPACT,12.894226925,546.182843767,24.881874153,0.090527754,0.000000101,1.908342655,0.000000589,176.240346611,0.62924491,0.074806111,0.000000003,0,0.000262823,193.965962293,0.01448046,0.000000001,0.251181318,0.000014728,0.040589585,,,PRODUCT_IMPACT
433901e7-9b0e-46aa-a02f-37ca39c83187,2616438001,DEFAULT,,,,,,,,END_OF_LIFE,0.550727999,0.001383894,0,0.000193638,0,-0.066553237,0.000000002,-0.562889535,0,0.000331774,0,0,0,0,0.000004225,0,0.001163758,0.000000026,0.000488781,,,PRODUCT_LIFECYCLE_STEP
433901e7-9b0e-46aa-a02f-37ca39c83187,2616438001,DEFAULT,,,,,,,,USE_PHASE,0.24640239,1.104060831,0.069450629,0.001052317,0.00000001,1.670210435,0.000000014,36.750515948,0,0.000312095,0,0,0,1.434109809,0.00004863,0,0.002303687,0.000001999,0.000576807,,,PRODUCT_LIFECYCLE_STEP
433901e7-9b0e-46aa-a02f-37ca39c83187,2616438001,DEFAULT,,,,,,,,DISTRIBUTION,0.063754488,0,0,0.000398952,0,0.007748568,0.000000005,0.94728183,0,0.000201464,0,0,0,0,0.000000024,0,0.002104446,0.000000212,0.00039684,,,PRODUCT_LIFECYCLE_STEP
433901e7-9b0e-46aa-a02f-37ca39c83187,2616438001,DEFAULT,,,,,,,,WAREHOUSE,0,0,0,0,0,0,0,0,0,0,0,0,0,0,0,0,0,0,0,,,PRODUCT_LIFECYCLE_STEP
433901e7-9b0e-46aa-a02f-37ca39c83187,2616438001,DEFAULT,,,,,,,,PRODUCT_TRANSPORT,0.184192008,0.068060093,0.002325777,0.003524902,0.000000001,0.008019767,0.000000018,2.467328462,0.109008261,0.00110077,0,0,0,0.474972031,0.000002623,0,0.012198679,0.000000366,0.002744317,,,PRODUCT_LIFECYCLE_STEP
433901e7-9b0e-46aa-a02f-37ca39c83187,2616438001,DEFAULT,,,,,,,,MANUFACTURING,1.24058317,2.104541287,0.111877265,0.006117051,0.000000009,0.028203313,0.000000017,15.053106744,0,0.001219608,0,0,0,1.850252366,0.000653337,0,0.012735869,0.000000864,0.003297481,,,PRODUCT_LIFECYCLE_STEP
433901e7-9b0e-46aa-a02f-37ca39c83187,2616438001,DEFAULT,,MAIN FABRIC (WOVEN),2616438001_MAIN_FABRIC,2616438001_MAIN_FABRIC_REANALYSIS,473,,,COMPONENT IMPACT,10.60856687,542.904797661,24.698220481,0.079240894,0.000000081,0.26071381,0.000000534,121.585003162,0.520236649,0.071640399,0.000000003,0,0.000262823,190.206628088,0.013771622,0.000000001,0.22067488,0.000011261,0.03308536,,7007d972-3495-4a4b-9c35-b5c02bd2f55a,COMPONENT_IMPACT
433901e7-9b0e-46aa-a02f-37ca39c83187,2616438001,DEFAULT,,MAIN FABRIC (WOVEN),2616438001_MAIN_FABRIC,2616438001_MAIN_FABRIC_REANALYSIS,,,,WEAVING,3.859023767,8.168878726,0.330175223,0.019320464,0.00000004,0.128033774,0.000000066,48.805522456,0.197781015,0.003755309,0.000000001,0,0.000262823,5.460515048,0.002048275,0,0.038449247,0.000006286,0.010131158,,7007d972-3495-4a4b-9c35-b5c02bd2f55a,COMPONENT_LIFECYCLE_STEP
433901e7-9b0e-46aa-a02f-37ca39c83187,2616438001,DEFAULT,,MAIN FABRIC (WOVEN),2616438001_MAIN_FABRIC,2616438001_MAIN_FABRIC_REANALYSIS,,,,DYEING,2.642659555,11.609680803,0.112043488,0.017151146,0.000000016,0.032932299,0.000000231,27.188853081,0,0.002598036,0.000000001,0,0,175.943225141,0.000973442,0.000000001,0.027305264,0.000001143,0.007897481,,7007d972-3495-4a4b-9c35-b5c02bd2f55a,COMPONENT_LIFECYCLE_STEP
433901e7-9b0e-46aa-a02f-37ca39c83187,2616438001,DEFAULT,,MAIN FABRIC (WOVEN),2616438001_MAIN_FABRIC,2616438001_MAIN_FABRIC_REANALYSIS,,,,COMPONENT_TRANSPORT,0.322455634,0,0,0.003796655,0,0.022415867,0.000000045,4.576789643,0.322455634,0.001601876,0,0,0,0,0.000000361,0,0.017787069,0.000000869,0.003172547,,7007d972-3495-4a4b-9c35-b5c02bd2f55a,COMPONENT_LIFECYCLE_STEP
433901e7-9b0e-46aa-a02f-37ca39c83187,2616438001,DEFAULT,,MAIN FABRIC (WOVEN),2616438001_MAIN_FABRIC,2616438001_MAIN_FABRIC_REANALYSIS,,,,SPINNING,3.278836138,5.562259907,0.29568934,0.016167242,0.000000024,0.074540784,0.000000045,39.785055599,0,0.0032234,0,0,0,4.89017945,0.001726757,0,0.033660644,0.000002283,0.008715174,,7007d972-3495-4a4b-9c35-b5c02bd2f55a,COMPONENT_LIFECYCLE_STEP
433901e7-9b0e-46aa-a02f-37ca39c83187,2616438001,DEFAULT,,MAIN FABRIC (WOVEN),2616438001_MAIN_FABRIC,2616438001_MAIN_FABRIC_REANALYSIS,,1,REGENERATIVE COTTON,MATERIAL IMPACT,0.505591776,517.563978225,23.96031243,0.022805388,0.000000001,0.002791086,0.000000147,1.228782383,0,0.060461778,0,0,0,3.91270845,0.009022786,0,0.103472655,0.00000068,0.003168999,37e21fac-fbbc-464d-8712-e54b563fa92f,7007d972-3495-4a4b-9c35-b5c02bd2f55a,MATERIAL_IMPACT
433901e7-9b0e-46aa-a02f-37ca39c83187,2616438001,DEFAULT,,MAIN FABRIC (WOVEN),2616438001_MAIN_FABRIC,2616438001_MAIN_FABRIC_REANALYSIS,,1,REGENERATIVE COTTON,HARVESTING,0,0,0,0,0,0,0,0,0,0,0,0,0,0,0,0,0,0,0,37e21fac-fbbc-464d-8712-e54b563fa92f,7007d972-3495-4a4b-9c35-b5c02bd2f55a,MATERIAL_LIFECYCLE_STEP
433901e7-9b0e-46aa-a02f-37ca39c83187,2616438001,DEFAULT,,MAIN FABRIC (WOVEN),2616438001_MAIN_FABRIC,2616438001_MAIN_FABRIC_REANALYSIS,,1,REGENERATIVE COTTON,PREPARATION,0,0,0,0,0,0,0,0,0,0,0,0,0,0,0,0,0,0,0,37e21fac-fbbc-464d-8712-e54b563fa92f,7007d972-3495-4a4b-9c35-b5c02bd2f55a,MATERIAL_LIFECYCLE_STEP
433901e7-9b0e-46aa-a02f-37ca39c83187,2616438001,DEFAULT,,MAIN FABRIC (WOVEN),2616438001_MAIN_FABRIC,2616438001_MAIN_FABRIC_REANALYSIS,,1,REGENERATIVE COTTON,RAW_MATERIAL_MODEL,0.505591776,517.563978225,23.96031243,0.022805388,0.000000001,0.002791086,0.000000147,1.228782383,0,0.060461778,0,0,0,3.91270845,0.009022786,0,0.103472655,0.00000068,0.003168999,37e21fac-fbbc-464d-8712-e54b563fa92f,7007d972-3495-4a4b-9c35-b5c02bd2f55a,MATERIAL_LIFECYCLE_STEP
4fe07e67-30eb-46d1-97b9-d8daf693536d,2616380001,DEFAULT,CHOICE_PLOT_357,,,,362,,,PRODUCT IMPACT,8.528383571,415.61786241,18.913783529,0.062704224,0.000000066,1.142797677,0.00000043,112.797534903,0.481578557,0.055921869,0.000000002,0,0.000201146,146.264757642,0.01039054,0.000000001,0.178519828,0.000010023,0.027516254,,,PRODUCT_IMPACT
4fe07e67-30eb-46d1-97b9-d8daf693536d,2616380001,DEFAULT,,,,,,,,END_OF_LIFE,0.421685533,0.001853482,0,0.000148821,0,-0.050934633,0.000000001,-0.428232344,0,0.000254117,0,0,0,0,0.000003234,0,0.00089324,0.00000002,0.000374575,,,PRODUCT_LIFECYCLE_STEP
4fe07e67-30eb-46d1-97b9-d8daf693536d,2616380001,DEFAULT,,,,,,,,USE_PHASE,0.146059515,0.654452211,0.041168128,0.00062378,0.000000006,0.990047722,0.000000008,21.784539151,0,0.000185,0,0,0,0.850094766,0.000028826,0,0.001365552,0.000001185,0.000341913,,,PRODUCT_LIFECYCLE_STEP
4fe07e67-30eb-46d1-97b9-d8daf693536d,2616380001,DEFAULT,,,,,,,,DISTRIBUTION,0.048793075,0,0,0.000305329,0,0.005930194,0.000000004,0.72498102,0,0.000154186,0,0,0,0,0.000000018,0,0.00161059,0.000000162,0.000303713,,,PRODUCT_LIFECYCLE_STEP
4fe07e67-30eb-46d1-97b9-d8daf693536d,2616380001,DEFAULT,,,,,,,,WAREHOUSE,0,0,0,0,0,0,0,0,0,0,0,0,0,0,0,0,0,0,0,,,PRODUCT_LIFECYCLE_STEP
4fe07e67-30eb-46d1-97b9-d8daf693536d,2616380001,DEFAULT,,,,,,,,PRODUCT_TRANSPORT,0.140967245,0.052088274,0.001779982,0.002697705,0.000000001,0.00613775,0.000000013,1.888314806,0.083427041,0.00084245,0,0,0,0.36350925,0.000002007,0,0.009335987,0.00000028,0.002100302,,,PRODUCT_LIFECYCLE_STEP
4fe07e67-30eb-46d1-97b9-d8daf693536d,2616380001,DEFAULT,,,,,,,,MANUFACTURING,0.551370298,0.935351683,0.049723229,0.002718689,0.000000004,0.012534806,0.000000008,6.690269664,0,0.000542048,0,0,0,0.822334385,0.000290372,0,0.005660386,0.000000384,0.001465547,,,PRODUCT_LIFECYCLE_STEP
4fe07e67-30eb-46d1-97b9-d8daf693536d,2616380001,DEFAULT,,MAIN FABRIC (WOVEN),2616380001_MAIN_FABRIC,2616380001_MAIN_FABRIC_REANALYSIS,362,,,COMPONENT IMPACT,7.219507906,413.974116761,18.821112191,0.056209899,0.000000055,0.179081839,0.000000396,82.137662606,0.398151515,0.053944068,0.000000002,0,0.000201146,144.228819241,0.010066082,0.000000001,0.159654072,0.000007992,0.022930205,,efe14c79-dd4f-49f8-853d-86e92a95566f,COMPONENT_IMPACT
4fe07e67-30eb-46d1-97b9-d8daf693536d,2616380001,DEFAULT,,MAIN FABRIC (WOVEN),2616380001_MAIN_FABRIC,2616380001_MAIN_FABRIC_REANALYSIS,,,,SPINNING,2.509384105,4.256951557,0.226299241,0.012373238,0.000000019,0.057048126,0.000000034,30.448604919,0,0.002466957,0,0,0,3.742589769,0.001321535,0,0.025761423,0.000001747,0.006669964,,efe14c79-dd4f-49f8-853d-86e92a95566f,COMPONENT_LIFECYCLE_STEP
4fe07e67-30eb-46d1-97b9-d8daf693536d,2616380001,DEFAULT,,MAIN FABRIC (WOVEN),2616380001_MAIN_FABRIC,2616380001_MAIN_FABRIC_REANALYSIS,,,,DYEING,2.022500548,8.885210255,0.085749984,0.013126247,0.000000012,0.025204,0.000000177,20.808382274,0,0.001988349,0.000000001,0,0,134.654223046,0.000745002,0,0.020897475,0.000000875,0.006044161,,efe14c79-dd4f-49f8-853d-86e92a95566f,COMPONENT_LIFECYCLE_STEP
4fe07e67-30eb-46d1-97b9-d8daf693536d,2616380001,DEFAULT,,MAIN FABRIC (WOVEN),2616380001_MAIN_FABRIC,2616380001_MAIN_FABRIC_REANALYSIS,,,,COMPONENT_TRANSPORT,0.246784227,0,0,0.002905685,0,0.017155484,0.000000035,3.502743871,0.246784227,0.00122596,0,0,0,0,0.000000277,0,0.013612936,0.000000665,0.002428038,,efe14c79-dd4f-49f8-853d-86e92a95566f,COMPONENT_LIFECYCLE_STEP
4fe07e67-30eb-46d1-97b9-d8daf693536d,2616380001,DEFAULT,,MAIN FABRIC (WOVEN),2616380001_MAIN_FABRIC,2616380001_MAIN_FABRIC_REANALYSIS,,,,WEAVING,2.053895637,4.725908189,0.171572268,0.010351134,0.000000024,0.077538133,0.000000038,26.437510353,0.151367288,0.001989728,0,0,0.000201146,2.837502285,0.00109388,0,0.020191748,0.000004184,0.005362719,,efe14c79-dd4f-49f8-853d-86e92a95566f,COMPONENT_LIFECYCLE_STEP
4fe07e67-30eb-46d1-97b9-d8daf693536d,2616380001,DEFAULT,,MAIN FABRIC (WOVEN),2616380001_MAIN_FABRIC,2616380001_MAIN_FABRIC_REANALYSIS,,1,REGENERATIVE COTTON,MATERIAL IMPACT,0.386943389,396.10604676,18.337490697,0.017453595,0.000000001,0.002136095,0.000000112,0.94042119,0,0.046273073,0,0,0,2.994504141,0.006905388,0,0.079190489,0.000000521,0.002425323,092b7b4e-0362-4436-a2b1-c1591d6fd310,efe14c79-dd4f-49f8-853d-86e92a95566f,MATERIAL_IMPACT
4fe07e67-30eb-46d1-97b9-d8daf693536d,2616380001,DEFAULT,,MAIN FABRIC (WOVEN),2616380001_MAIN_FABRIC,2616380001_MAIN_FABRIC_REANALYSIS,,1,REGENERATIVE COTTON,HARVESTING,0,0,0,0,0,0,0,0,0,0,0,0,0,0,0,0,0,0,0,092b7b4e-0362-4436-a2b1-c1591d6fd310,efe14c79-dd4f-49f8-853d-86e92a95566f,MATERIAL_LIFECYCLE_STEP
4fe07e67-30eb-46d1-97b9-d8daf693536d,2616380001,DEFAULT,,MAIN FABRIC (WOVEN),2616380001_MAIN_FABRIC,2616380001_MAIN_FABRIC_REANALYSIS,,1,REGENERATIVE COTTON,PREPARATION,0,0,0,0,0,0,0,0,0,0,0,0,0,0,0,0,0,0,0,092b7b4e-0362-4436-a2b1-c1591d6fd310,efe14c79-dd4f-49f8-853d-86e92a95566f,MATERIAL_LIFECYCLE_STEP
4fe07e67-30eb-46d1-97b9-d8daf693536d,2616380001,DEFAULT,,MAIN FABRIC (WOVEN),2616380001_MAIN_FABRIC,2616380001_MAIN_FABRIC_REANALYSIS,,1,REGENERATIVE COTTON,RAW_MATERIAL_MODEL,0.386943389,396.10604676,18.337490697,0.017453595,0.000000001,0.002136095,0.000000112,0.94042119,0,0.046273073,0,0,0,2.994504141,0.006905388,0,0.079190489,0.000000521,0.002425323,092b7b4e-0362-4436-a2b1-c1591d6fd310,efe14c79-dd4f-49f8-853d-86e92a95566f,MATERIAL_LIFECYCLE_STEP
5511cf55-31c3-4402-86da-2c8b1e453dcb,2616083003,DEFAULT,CHOICE_PLOT_357,,,,182,,,PRODUCT IMPACT,4.249197515,209.196378828,9.526684576,0.0312632,0.000000037,1.314037508,0.000000221,71.257895846,0.242119606,0.028108578,0.000000001,0,0.000101129,73.953572984,0.005167674,0,0.089256327,0.000005825,0.013696939,,,PRODUCT_IMPACT
5511cf55-31c3-4402-86da-2c8b1e453dcb,2616083003,DEFAULT,,,,,,,,END_OF_LIFE,0.211834971,0.000239621,0,0.000074277,0,-0.025608371,0.000000001,-0.21753233,0,0.000127585,0,0,0,0,0.000001625,0,0.000446836,0.00000001,0.000187889,,,PRODUCT_LIFECYCLE_STEP
5511cf55-31c3-4402-86da-2c8b1e453dcb,2616083003,DEFAULT,,,,,,,,USE_PHASE,0.183023649,0.820078254,0.051586787,0.000781644,0.000000007,1.240604882,0.000000011,27.297679704,0,0.000231819,0,0,0,1.065233214,0.000036121,0,0.001711141,0.000001485,0.000428443,,,PRODUCT_LIFECYCLE_STEP
5511cf55-31c3-4402-86da-2c8b1e453dcb,2616083003,DEFAULT,,,,,,,,DISTRIBUTION,0.024531325,0,0,0.000153508,0,0.002981479,0.000000002,0.36449322,0,0.000077519,0,0,0,0,0.000000009,0,0.000809744,0.000000082,0.000152695,,,PRODUCT_LIFECYCLE_STEP
5511cf55-31c3-4402-86da-2c8b1e453dcb,2616083003,DEFAULT,,,,,,,,WAREHOUSE,0,0,0,0,0,0,0,0,0,0,0,0,0,0,0,0,0,0,0,,,PRODUCT_LIFECYCLE_STEP
5511cf55-31c3-4402-86da-2c8b1e453dcb,2616083003,DEFAULT,,,,,,,,PRODUCT_TRANSPORT,0.070873035,0.026188027,0.000894908,0.001356305,0,0.00308583,0.000000007,0.949373742,0.041943982,0.000423552,0,0,0,0.182758794,0.000001009,0,0.004693783,0.000000141,0.001055953,,,PRODUCT_LIFECYCLE_STEP
5511cf55-31c3-4402-86da-2c8b1e453dcb,2616083003,DEFAULT,,,,,,,,MANUFACTURING,0.551370298,0.935351683,0.049723229,0.002718689,0.000000004,0.012534806,0.000000008,6.690269664,0,0.000542048,0,0,0,0.822334385,0.000290372,0,0.005660386,0.000000384,0.001465547,,,PRODUCT_LIFECYCLE_STEP
5511cf55-31c3-4402-86da-2c8b1e453dcb,2616083003,DEFAULT,,MAIN FABRIC (WOVEN),2616083003_MAIN_FABRIC,2616083003_MAIN_FABRIC_REANALYSIS,182,,,COMPONENT IMPACT,3.207564238,207.414521242,9.424479653,0.026178777,0.000000025,0.080438882,0.000000193,36.173611846,0.200175624,0.026706055,0.000000001,0,0.000101129,71.883246592,0.004838537,0,0.075934437,0.000003724,0.010406412,,9c972017-f636-4a83-ad63-53c47e8f4aab,COMPONENT_IMPACT
5511cf55-31c3-4402-86da-2c8b1e453dcb,2616083003,DEFAULT,,MAIN FABRIC (WOVEN),2616083003_MAIN_FABRIC,2616083003_MAIN_FABRIC_REANALYSIS,,,,WEAVING,0.610488456,1.659897043,0.048191625,0.003122713,0.000000009,0.029386522,0.000000013,8.169667895,0.076101786,0.000585365,0,0,0.000101129,0.797004365,0.000327651,0,0.00581802,0.00000181,0.00157414,,9c972017-f636-4a83-ad63-53c47e8f4aab,COMPONENT_LIFECYCLE_STEP
5511cf55-31c3-4402-86da-2c8b1e453dcb,2616083003,DEFAULT,,MAIN FABRIC (WOVEN),2616083003_MAIN_FABRIC,2616083003_MAIN_FABRIC_REANALYSIS,,,,COMPONENT_TRANSPORT,0.124073838,0,0,0.001460869,0,0.008625133,0.000000017,1.761048023,0.124073838,0.000616367,0,0,0,0,0.000000139,0,0.006844073,0.000000334,0.001220726,,9c972017-f636-4a83-ad63-53c47e8f4aab,COMPONENT_LIFECYCLE_STEP
5511cf55-31c3-4402-86da-2c8b1e453dcb,2616083003,DEFAULT,,MAIN FABRIC (WOVEN),2616083003_MAIN_FABRIC,2616083003_MAIN_FABRIC_REANALYSIS,,,,SPINNING,1.261624053,2.140235313,0.113774757,0.006220799,0.000000009,0.028681655,0.000000017,15.308414628,0,0.001240293,0,0,0,1.88163353,0.000664418,0,0.012951876,0.000000878,0.003353407,,9c972017-f636-4a83-ad63-53c47e8f4aab,COMPONENT_LIFECYCLE_STEP
5511cf55-31c3-4402-86da-2c8b1e453dcb,2616083003,DEFAULT,,MAIN FABRIC (WOVEN),2616083003_MAIN_FABRIC,2616083003_MAIN_FABRIC_REANALYSIS,,,,DYEING,1.016837292,4.467149907,0.043111871,0.006599384,0.000000006,0.012671624,0.000000089,10.461672856,0,0.000999667,0.000000001,0,0,67.699084515,0.000374559,0,0.010506465,0.00000044,0.003038777,,9c972017-f636-4a83-ad63-53c47e8f4aab,COMPONENT_LIFECYCLE_STEP
5511cf55-31c3-4402-86da-2c8b1e453dcb,2616083003,DEFAULT,,MAIN FABRIC (WOVEN),2616083003_MAIN_FABRIC,2616083003_MAIN_FABRIC_REANALYSIS,,1,REGENERATIVE COTTON,MATERIAL IMPACT,0.194540599,199.147238979,9.2194014,0.008775012,0,0.001073948,0.000000056,0.472808443,0,0.023264363,0,0,0,1.505524181,0.00347177,0,0.039814003,0.000000262,0.001219361,69d4a076-4414-46ef-ae4c-f49a4d78e9c4,9c972017-f636-4a83-ad63-53c47e8f4aab,MATERIAL_IMPACT
5511cf55-31c3-4402-86da-2c8b1e453dcb,2616083003,DEFAULT,,MAIN FABRIC (WOVEN),2616083003_MAIN_FABRIC,2616083003_MAIN_FABRIC_REANALYSIS,,1,REGENERATIVE COTTON,HARVESTING,0,0,0,0,0,0,0,0,0,0,0,0,0,0,0,0,0,0,0,69d4a076-4414-46ef-ae4c-f49a4d78e9c4,9c972017-f636-4a83-ad63-53c47e8f4aab,MATERIAL_LIFECYCLE_STEP
5511cf55-31c3-4402-86da-2c8b1e453dcb,2616083003,DEFAULT,,MAIN FABRIC (WOVEN),2616083003_MAIN_FABRIC,2616083003_MAIN_FABRIC_REANALYSIS,,1,REGENERATIVE COTTON,PREPARATION,0,0,0,0,0,0,0,0,0,0,0,0,0,0,0,0,0,0,0,69d4a076-4414-46ef-ae4c-f49a4d78e9c4,9c972017-f636-4a83-ad63-53c47e8f4aab,MATERIAL_LIFECYCLE_STEP
5511cf55-31c3-4402-86da-2c8b1e453dcb,2616083003,DEFAULT,,MAIN FABRIC (WOVEN),2616083003_MAIN_FABRIC,2616083003_MAIN_FABRIC_REANALYSIS,,1,REGENERATIVE COTTON,RAW_MATERIAL_MODEL,0.194540599,199.147238979,9.2194014,0.008775012,0,0.001073948,0.000000056,0.472808443,0,0.023264363,0,0,0,1.505524181,0.00347177,0,0.039814003,0.000000262,0.001219361,69d4a076-4414-46ef-ae4c-f49a4d78e9c4,9c972017-f636-4a83-ad63-53c47e8f4aab,MATERIAL_LIFECYCLE_STEP
5a1f214d-236f-4e26-a087-ab670772940d,2617476001,DEFAULT,CHOICE_PLOT_357,,,,362,,,PRODUCT IMPACT,8.528383571,415.61786241,18.913783529,0.062704224,0.000000066,1.142797677,0.00000043,112.797534903,0.481578557,0.055921869,0.000000002,0,0.000201146,146.264757642,0.01039054,0.000000001,0.178519828,0.000010023,0.027516254,,,PRODUCT_IMPACT
5a1f214d-236f-4e26-a087-ab670772940d,2617476001,DEFAULT,,,,,,,,END_OF_LIFE,0.421685533,0.001853482,0,0.000148821,0,-0.050934633,0.000000001,-0.428232344,0,0.000254117,0,0,0,0,0.000003234,0,0.00089324,0.00000002,0.000374575,,,PRODUCT_LIFECYCLE_STEP
5a1f214d-236f-4e26-a087-ab670772940d,2617476001,DEFAULT,,,,,,,,USE_PHASE,0.146059515,0.654452211,0.041168128,0.00062378,0.000000006,0.990047722,0.000000008,21.784539151,0,0.000185,0,0,0,0.850094766,0.000028826,0,0.001365552,0.000001185,0.000341913,,,PRODUCT_LIFECYCLE_STEP
5a1f214d-236f-4e26-a087-ab670772940d,2617476001,DEFAULT,,,,,,,,DISTRIBUTION,0.048793075,0,0,0.000305329,0,0.005930194,0.000000004,0.72498102,0,0.000154186,0,0,0,0,0.000000018,0,0.00161059,0.000000162,0.000303713,,,PRODUCT_LIFECYCLE_STEP
5a1f214d-236f-4e26-a087-ab670772940d,2617476001,DEFAULT,,,,,,,,WAREHOUSE,0,0,0,0,0,0,0,0,0,0,0,0,0,0,0,0,0,0,0,,,PRODUCT_LIFECYCLE_STEP
5a1f214d-236f-4e26-a087-ab670772940d,2617476001,DEFAULT,,,,,,,,PRODUCT_TRANSPORT,0.140967245,0.052088274,0.001779982,0.002697705,0.000000001,0.00613775,0.000000013,1.888314806,0.083427041,0.00084245,0,0,0,0.36350925,0.000002007,0,0.009335987,0.00000028,0.002100302,,,PRODUCT_LIFECYCLE_STEP
5a1f214d-236f-4e26-a087-ab670772940d,2617476001,DEFAULT,,,,,,,,MANUFACTURING,0.551370298,0.935351683,0.049723229,0.002718689,0.000000004,0.012534806,0.000000008,6.690269664,0,0.000542048,0,0,0,0.822334385,0.000290372,0,0.005660386,0.000000384,0.001465547,,,PRODUCT_LIFECYCLE_STEP
5a1f214d-236f-4e26-a087-ab670772940d,2617476001,DEFAULT,,MAIN FABRIC (WOVEN),2617476001_MAIN_FABRIC,2617476001_MAIN_FABRIC,271.5,,,COMPONENT IMPACT,5.414630929,310.480587571,14.115834143,0.042157425,0.000000041,0.134311379,0.000000297,61.603246955,0.298613637,0.040458051,0.000000001,0,0.000150859,108.171614431,0.007549561,0.000000001,0.119740554,0.000005994,0.017197653,,00e178cc-0a4b-4f25-9c5c-3402ed944286,COMPONENT_IMPACT
5a1f214d-236f-4e26-a087-ab670772940d,2617476001,DEFAULT,,MAIN FABRIC (WOVEN),2617476001_MAIN_FABRIC,2617476001_MAIN_FABRIC,,,,COMPONENT_TRANSPORT,0.18508817,0,0,0.002179264,0,0.012866613,0.000000026,2.627057903,0.18508817,0.00091947,0,0,0,0,0.000000207,0,0.010209702,0.000000499,0.001821029,,00e178cc-0a4b-4f25-9c5c-3402ed944286,COMPONENT_LIFECYCLE_STEP
5a1f214d-236f-4e26-a087-ab670772940d,2617476001,DEFAULT,,MAIN FABRIC (WOVEN),2617476001_MAIN_FABRIC,2617476001_MAIN_FABRIC,,,,SPINNING,1.882038079,3.192713668,0.169724431,0.009279928,0.000000014,0.042786095,0.000000026,22.836453689,0,0.001850218,0,0,0,2.806942327,0.000991151,0,0.019321068,0.00000131,0.005002473,,00e178cc-0a4b-4f25-9c5c-3402ed944286,COMPONENT_LIFECYCLE_STEP
5a1f214d-236f-4e26-a087-ab670772940d,2617476001,DEFAULT,,MAIN FABRIC (WOVEN),2617476001_MAIN_FABRIC,2617476001_MAIN_FABRIC,,,,WEAVING,1.540421728,3.544431142,0.128679201,0.007763351,0.000000018,0.0581536,0.000000029,19.828132765,0.113525466,0.001492296,0,0,0.000150859,2.128126714,0.00082041,0,0.015143811,0.000003138,0.004022039,,00e178cc-0a4b-4f25-9c5c-3402ed944286,COMPONENT_LIFECYCLE_STEP
5a1f214d-236f-4e26-a087-ab670772940d,2617476001,DEFAULT,,MAIN FABRIC (WOVEN),2617476001_MAIN_FABRIC,2617476001_MAIN_FABRIC,,,,DYEING,1.516875411,6.663907691,0.064312488,0.009844685,0.000000009,0.018903,0.000000132,15.606286705,0,0.001491262,0.000000001,0,0,100.990667285,0.000558752,0,0.015673106,0.000000656,0.004533121,,00e178cc-0a4b-4f25-9c5c-3402ed944286,COMPONENT_LIFECYCLE_STEP
5a1f214d-236f-4e26-a087-ab670772940d,2617476001,DEFAULT,,MAIN FABRIC (WOVEN),2617476001_MAIN_FABRIC,2617476001_MAIN_FABRIC,,1,REGENERATIVE COTTON,MATERIAL IMPACT,0.290207541,297.07953507,13.753118023,0.013090196,0,0.001602071,0.000000084,0.705315892,0,0.034704805,0,0,0,2.245878106,0.005179041,0,0.059392867,0.00000039,0.001818992,542a3cb8-92d9-4e30-b801-10fa388636b9,00e178cc-0a4b-4f25-9c5c-3402ed944286,MATERIAL_IMPACT
5a1f214d-236f-4e26-a087-ab670772940d,2617476001,DEFAULT,,MAIN FABRIC (WOVEN),2617476001_MAIN_FABRIC,2617476001_MAIN_FABRIC,,1,REGENERATIVE COTTON,RAW_MATERIAL_MODEL,0.290207541,297.07953507,13.753118023,0.013090196,0,0.001602071,0.000000084,0.705315892,0,0.034704805,0,0,0,2.245878106,0.005179041,0,0.059392867,0.00000039,0.001818992,542a3cb8-92d9-4e30-b801-10fa388636b9,00e178cc-0a4b-4f25-9c5c-3402ed944286,MATERIAL_LIFECYCLE_STEP
5a1f214d-236f-4e26-a087-ab670772940d,2617476001,DEFAULT,,MAIN FABRIC (WOVEN),2617476001_MAIN_FABRIC,2617476001_MAIN_FABRIC,,1,REGENERATIVE COTTON,PREPARATION,0,0,0,0,0,0,0,0,0,0,0,0,0,0,0,0,0,0,0,542a3cb8-92d9-4e30-b801-10fa388636b9,00e178cc-0a4b-4f25-9c5c-3402ed944286,MATERIAL_LIFECYCLE_STEP
5a1f214d-236f-4e26-a087-ab670772940d,2617476001,DEFAULT,,MAIN FABRIC (WOVEN),2617476001_MAIN_FABRIC,2617476001_MAIN_FABRIC,,1,REGENERATIVE COTTON,HARVESTING,0,0,0,0,0,0,0,0,0,0,0,0,0,0,0,0,0,0,0,542a3cb8-92d9-4e30-b801-10fa388636b9,00e178cc-0a4b-4f25-9c5c-3402ed944286,MATERIAL_LIFECYCLE_STEP
5a1f214d-236f-4e26-a087-ab670772940d,2617476001,DEFAULT,,LININGS,2617476001_LINING,2617476001_LINING,90.5,,,COMPONENT IMPACT,1.804876976,103.49352919,4.705278048,0.014052475,0.000000014,0.04477046,0.000000099,20.534415652,0.099537879,0.013486017,0,0,0.000050286,36.05720481,0.00251652,0,0.039913518,0.000001998,0.005732551,,7b8d3705-ba3d-4c17-a59c-b4cd30c5ed81,COMPONENT_IMPACT
5a1f214d-236f-4e26-a087-ab670772940d,2617476001,DEFAULT,,LININGS,2617476001_LINING,2617476001_LINING,,,,SPINNING,0.627346026,1.064237889,0.05657481,0.003093309,0.000000005,0.014262032,0.000000009,7.61215123,0,0.000616739,0,0,0,0.935647442,0.000330384,0,0.006440356,0.000000437,0.001667491,,7b8d3705-ba3d-4c17-a59c-b4cd30c5ed81,COMPONENT_LIFECYCLE_STEP
5a1f214d-236f-4e26-a087-ab670772940d,2617476001,DEFAULT,,LININGS,2617476001_LINING,2617476001_LINING,,,,WEAVING,0.513473909,1.181477047,0.042893067,0.002587784,0.000000006,0.019384533,0.00000001,6.609377588,0.037841822,0.000497432,0,0,0.000050286,0.709375571,0.00027347,0,0.005047937,0.000001046,0.00134068,,7b8d3705-ba3d-4c17-a59c-b4cd30c5ed81,COMPONENT_LIFECYCLE_STEP
5a1f214d-236f-4e26-a087-ab670772940d,2617476001,DEFAULT,,LININGS,2617476001_LINING,2617476001_LINING,,,,COMPONENT_TRANSPORT,0.061696057,0,0,0.000726421,0,0.004288871,0.000000009,0.875685968,0.061696057,0.00030649,0,0,0,0,0.000000069,0,0.003403234,0.000000166,0.00060701,,7b8d3705-ba3d-4c17-a59c-b4cd30c5ed81,COMPONENT_LIFECYCLE_STEP
5a1f214d-236f-4e26-a087-ab670772940d,2617476001,DEFAULT,,LININGS,2617476001_LINING,2617476001_LINING,,,,DYEING,0.505625137,2.221302564,0.021437496,0.003281562,0.000000003,0.006301,0.000000044,5.202095568,0,0.000497087,0,0,0,33.663555762,0.000186251,0,0.005224369,0.000000219,0.00151104,,7b8d3705-ba3d-4c17-a59c-b4cd30c5ed81,COMPONENT_LIFECYCLE_STEP
5a1f214d-236f-4e26-a087-ab670772940d,2617476001,DEFAULT,,LININGS,2617476001_LINING,2617476001_LINING,,1,REGENERATIVE COTTON,MATERIAL IMPACT,0.096735847,99.02651169,4.584372674,0.004363399,0,0.000534024,0.000000028,0.235105297,0,0.011568268,0,0,0,0.748626035,0.001726347,0,0.019797622,0.00000013,0.000606331,7be830f1-f243-45be-981b-0ba81b2206ec,7b8d3705-ba3d-4c17-a59c-b4cd30c5ed81,MATERIAL_IMPACT
5a1f214d-236f-4e26-a087-ab670772940d,2617476001,DEFAULT,,LININGS,2617476001_LINING,2617476001_LINING,,1,REGENERATIVE COTTON,RAW_MATERIAL_MODEL,0.096735847,99.02651169,4.584372674,0.004363399,0,0.000534024,0.000000028,0.235105297,0,0.011568268,0,0,0,0.748626035,0.001726347,0,0.019797622,0.00000013,0.000606331,7be830f1-f243-45be-981b-0ba81b2206ec,7b8d3705-ba3d-4c17-a59c-b4cd30c5ed81,MATERIAL_LIFECYCLE_STEP
5a1f214d-236f-4e26-a087-ab670772940d,2617476001,DEFAULT,,LININGS,2617476001_LINING,2617476001_LINING,,1,REGENERATIVE COTTON,HARVESTING,0,0,0,0,0,0,0,0,0,0,0,0,0,0,0,0,0,0,0,7be830f1-f243-45be-981b-0ba81b2206ec,7b8d3705-ba3d-4c17-a59c-b4cd30c5ed81,MATERIAL_LIFECYCLE_STEP
5a1f214d-236f-4e26-a087-ab670772940d,2617476001,DEFAULT,,LININGS,2617476001_LINING,2617476001_LINING,,1,REGENERATIVE COTTON,PREPARATION,0,0,0,0,0,0,0,0,0,0,0,0,0,0,0,0,0,0,0,7be830f1-f243-45be-981b-0ba81b2206ec,7b8d3705-ba3d-4c17-a59c-b4cd30c5ed81,MATERIAL_LIFECYCLE_STEP
5e18c5fc-e55f-4697-961e-9eb917e0306b,2615727003,DEFAULT,CHOICE_PLOT_357,,,,362,,,PRODUCT IMPACT,8.693671605,417.106048376,18.928545159,0.064041501,0.000000068,1.140942127,0.000000443,114.558284287,0.4198825,0.056088219,0.000000002,0,0.000201146,147.757044888,0.010438537,0.000000001,0.180217651,0.000010164,0.028423736,,,PRODUCT_IMPACT
5e18c5fc-e55f-4697-961e-9eb917e0306b,2615727003,DEFAULT,,,,,,,,END_OF_LIFE,0.421685533,0.001853482,0,0.000148821,0,-0.050934633,0.000000001,-0.428232344,0,0.000254117,0,0,0,0,0.000003234,0,0.00089324,0.00000002,0.000374575,,,PRODUCT_LIFECYCLE_STEP
5e18c5fc-e55f-4697-961e-9eb917e0306b,2615727003,DEFAULT,,,,,,,,USE_PHASE,0.146059515,0.654452211,0.041168128,0.00062378,0.000000006,0.990047722,0.000000008,21.784539151,0,0.000185,0,0,0,0.850094766,0.000028826,0,0.001365552,0.000001185,0.000341913,,,PRODUCT_LIFECYCLE_STEP
5e18c5fc-e55f-4697-961e-9eb917e0306b,2615727003,DEFAULT,,,,,,,,DISTRIBUTION,0.048793075,0,0,0.000305329,0,0.005930194,0.000000004,0.72498102,0,0.000154186,0,0,0,0,0.000000018,0,0.00161059,0.000000162,0.000303713,,,PRODUCT_LIFECYCLE_STEP
5e18c5fc-e55f-4697-961e-9eb917e0306b,2615727003,DEFAULT,,,,,,,,WAREHOUSE,0,0,0,0,0,0,0,0,0,0,0,0,0,0,0,0,0,0,0,,,PRODUCT_LIFECYCLE_STEP
5e18c5fc-e55f-4697-961e-9eb917e0306b,2615727003,DEFAULT,,,,,,,,PRODUCT_TRANSPORT,0.140967245,0.052088274,0.001779982,0.002697705,0.000000001,0.00613775,0.000000013,1.888314806,0.083427041,0.00084245,0,0,0,0.36350925,0.000002007,0,0.009335987,0.00000028,0.002100302,,,PRODUCT_LIFECYCLE_STEP
5e18c5fc-e55f-4697-961e-9eb917e0306b,2615727003,DEFAULT,,,,,,,,MANUFACTURING,0.551370298,0.935351683,0.049723229,0.002718689,0.000000004,0.012534806,0.000000008,6.690269664,0,0.000542048,0,0,0,0.822334385,0.000290372,0,0.005660386,0.000000384,0.001465547,,,PRODUCT_LIFECYCLE_STEP
5e18c5fc-e55f-4697-961e-9eb917e0306b,2615727003,DEFAULT,,LININGS,2615727003_LINING,2615727003_LINING,90.5,,,COMPONENT IMPACT,1.97016501,104.981715156,4.720039677,0.015389752,0.000000016,0.04291491,0.000000111,22.295165035,0.037841822,0.013652366,0.000000001,0,0.000050286,37.549492056,0.002564518,0,0.041611341,0.000002139,0.006640033,,313a67aa-0507-46be-a9f1-dbf3b6e0b7f3,COMPONENT_IMPACT
5e18c5fc-e55f-4697-961e-9eb917e0306b,2615727003,DEFAULT,,LININGS,2615727003_LINING,2615727003_LINING,,,,SPINNING,0.627346026,1.064237889,0.05657481,0.003093309,0.000000005,0.014262032,0.000000009,7.61215123,0,0.000616739,0,0,0,0.935647442,0.000330384,0,0.006440356,0.000000437,0.001667491,,313a67aa-0507-46be-a9f1-dbf3b6e0b7f3,COMPONENT_LIFECYCLE_STEP
5e18c5fc-e55f-4697-961e-9eb917e0306b,2615727003,DEFAULT,,LININGS,2615727003_LINING,2615727003_LINING,,,,DYEING,0.628834933,2.840294379,0.025284445,0.004126139,0.000000004,0.007540419,0.000000057,6.416554796,0,0.000618217,0,0,0,33.94320395,0.000227075,0,0.006499348,0.000000264,0.00188877,,313a67aa-0507-46be-a9f1-dbf3b6e0b7f3,COMPONENT_LIFECYCLE_STEP
5e18c5fc-e55f-4697-961e-9eb917e0306b,2615727003,DEFAULT,,LININGS,2615727003_LINING,2615727003_LINING,,,,COMPONENT_TRANSPORT,0.103774294,0.86919415,0.01091468,0.001219121,0.000000002,0.001193902,0.000000008,1.421976124,0,0.000351709,0,0,0,1.212639057,0.000007242,0,0.003826077,0.000000262,0.001136762,,313a67aa-0507-46be-a9f1-dbf3b6e0b7f3,COMPONENT_LIFECYCLE_STEP
5e18c5fc-e55f-4697-961e-9eb917e0306b,2615727003,DEFAULT,,LININGS,2615727003_LINING,2615727003_LINING,,,,WEAVING,0.513473909,1.181477047,0.042893067,0.002587784,0.000000006,0.019384533,0.00000001,6.609377588,0.037841822,0.000497432,0,0,0.000050286,0.709375571,0.00027347,0,0.005047937,0.000001046,0.00134068,,313a67aa-0507-46be-a9f1-dbf3b6e0b7f3,COMPONENT_LIFECYCLE_STEP
5e18c5fc-e55f-4697-961e-9eb917e0306b,2615727003,DEFAULT,,LININGS,2615727003_LINING,2615727003_LINING,,1,REGENERATIVE COTTON,MATERIAL IMPACT,0.096735847,99.02651169,4.584372674,0.004363399,0,0.000534024,0.000000028,0.235105297,0,0.011568268,0,0,0,0.748626035,0.001726347,0,0.019797622,0.00000013,0.000606331,3d4c9692-b58b-4323-81ea-5b5111a53add,313a67aa-0507-46be-a9f1-dbf3b6e0b7f3,MATERIAL_IMPACT
5e18c5fc-e55f-4697-961e-9eb917e0306b,2615727003,DEFAULT,,LININGS,2615727003_LINING,2615727003_LINING,,1,REGENERATIVE COTTON,RAW_MATERIAL_MODEL,0.096735847,99.02651169,4.584372674,0.004363399,0,0.000534024,0.000000028,0.235105297,0,0.011568268,0,0,0,0.748626035,0.001726347,0,0.019797622,0.00000013,0.000606331,3d4c9692-b58b-4323-81ea-5b5111a53add,313a67aa-0507-46be-a9f1-dbf3b6e0b7f3,MATERIAL_LIFECYCLE_STEP
5e18c5fc-e55f-4697-961e-9eb917e0306b,2615727003,DEFAULT,,LININGS,2615727003_LINING,2615727003_LINING,,1,REGENERATIVE COTTON,HARVESTING,0,0,0,0,0,0,0,0,0,0,0,0,0,0,0,0,0,0,0,3d4c9692-b58b-4323-81ea-5b5111a53add,313a67aa-0507-46be-a9f1-dbf3b6e0b7f3,MATERIAL_LIFECYCLE_STEP
5e18c5fc-e55f-4697-961e-9eb917e0306b,2615727003,DEFAULT,,LININGS,2615727003_LINING,2615727003_LINING,,1,REGENERATIVE COTTON,PREPARATION,0,0,0,0,0,0,0,0,0,0,0,0,0,0,0,0,0,0,0,3d4c9692-b58b-4323-81ea-5b5111a53add,313a67aa-0507-46be-a9f1-dbf3b6e0b7f3,MATERIAL_LIFECYCLE_STEP
5e18c5fc-e55f-4697-961e-9eb917e0306b,2615727003,DEFAULT,,MAIN FABRIC (WOVEN),2615727003_MAIN_FABRIC,2615727003_MAIN_FABRIC,271.5,,,COMPONENT IMPACT,5.414630929,310.480587571,14.115834143,0.042157425,0.000000041,0.134311379,0.000000297,61.603246955,0.298613637,0.040458051,0.000000001,0,0.000150859,108.171614431,0.007549561,0.000000001,0.119740554,0.000005994,0.017197653,,e5e735a1-15e9-45f5-9b87-76aad1e2b354,COMPONENT_IMPACT
5e18c5fc-e55f-4697-961e-9eb917e0306b,2615727003,DEFAULT,,MAIN FABRIC (WOVEN),2615727003_MAIN_FABRIC,2615727003_MAIN_FABRIC,,,,SPINNING,1.882038079,3.192713668,0.169724431,0.009279928,0.000000014,0.042786095,0.000000026,22.836453689,0,0.001850218,0,0,0,2.806942327,0.000991151,0,0.019321068,0.00000131,0.005002473,,e5e735a1-15e9-45f5-9b87-76aad1e2b354,COMPONENT_LIFECYCLE_STEP
5e18c5fc-e55f-4697-961e-9eb917e0306b,2615727003,DEFAULT,,MAIN FABRIC (WOVEN),2615727003_MAIN_FABRIC,2615727003_MAIN_FABRIC,,,,WEAVING,1.540421728,3.544431142,0.128679201,0.007763351,0.000000018,0.0581536,0.000000029,19.828132765,0.113525466,0.001492296,0,0,0.000150859,2.128126714,0.00082041,0,0.015143811,0.000003138,0.004022039,,e5e735a1-15e9-45f5-9b87-76aad1e2b354,COMPONENT_LIFECYCLE_STEP
5e18c5fc-e55f-4697-961e-9eb917e0306b,2615727003,DEFAULT,,MAIN FABRIC (WOVEN),2615727003_MAIN_FABRIC,2615727003_MAIN_FABRIC,,,,COMPONENT_TRANSPORT,0.18508817,0,0,0.002179264,0,0.012866613,0.000000026,2.627057903,0.18508817,0.00091947,0,0,0,0,0.000000207,0,0.010209702,0.000000499,0.001821029,,e5e735a1-15e9-45f5-9b87-76aad1e2b354,COMPONENT_LIFECYCLE_STEP
5e18c5fc-e55f-4697-961e-9eb917e0306b,2615727003,DEFAULT,,MAIN FABRIC (WOVEN),2615727003_MAIN_FABRIC,2615727003_MAIN_FABRIC,,,,DYEING,1.516875411,6.663907691,0.064312488,0.009844685,0.000000009,0.018903,0.000000132,15.606286705,0,0.001491262,0.000000001,0,0,100.990667285,0.000558752,0,0.015673106,0.000000656,0.004533121,,e5e735a1-15e9-45f5-9b87-76aad1e2b354,COMPONENT_LIFECYCLE_STEP
5e18c5fc-e55f-4697-961e-9eb917e0306b,2615727003,DEFAULT,,MAIN FABRIC (WOVEN),2615727003_MAIN_FABRIC,2615727003_MAIN_FABRIC,,1,REGENERATIVE COTTON,MATERIAL IMPACT,0.290207541,297.07953507,13.753118023,0.013090196,0,0.001602071,0.000000084,0.705315892,0,0.034704805,0,0,0,2.245878106,0.005179041,0,0.059392867,0.00000039,0.001818992,2f5dc219-a213-453e-9c16-113b1c1a1944,e5e735a1-15e9-45f5-9b87-76aad1e2b354,MATERIAL_IMPACT
5e18c5fc-e55f-4697-961e-9eb917e0306b,2615727003,DEFAULT,,MAIN FABRIC (WOVEN),2615727003_MAIN_FABRIC,2615727003_MAIN_FABRIC,,1,REGENERATIVE COTTON,RAW_MATERIAL_MODEL,0.290207541,297.07953507,13.753118023,0.013090196,0,0.001602071,0.000000084,0.705315892,0,0.034704805,0,0,0,2.245878106,0.005179041,0,0.059392867,0.00000039,0.001818992,2f5dc219-a213-453e-9c16-113b1c1a1944,e5e735a1-15e9-45f5-9b87-76aad1e2b354,MATERIAL_LIFECYCLE_STEP
5e18c5fc-e55f-4697-961e-9eb917e0306b,2615727003,DEFAULT,,MAIN FABRIC (WOVEN),2615727003_MAIN_FABRIC,2615727003_MAIN_FABRIC,,1,REGENERATIVE COTTON,HARVESTING,0,0,0,0,0,0,0,0,0,0,0,0,0,0,0,0,0,0,0,2f5dc219-a213-453e-9c16-113b1c1a1944,e5e735a1-15e9-45f5-9b87-76aad1e2b354,MATERIAL_LIFECYCLE_STEP
5e18c5fc-e55f-4697-961e-9eb917e0306b,2615727003,DEFAULT,,MAIN FABRIC (WOVEN),2615727003_MAIN_FABRIC,2615727003_MAIN_FABRIC,,1,REGENERATIVE COTTON,PREPARATION,0,0,0,0,0,0,0,0,0,0,0,0,0,0,0,0,0,0,0,2f5dc219-a213-453e-9c16-113b1c1a1944,e5e735a1-15e9-45f5-9b87-76aad1e2b354,MATERIAL_LIFECYCLE_STEP
6708b1db-2cc0-4765-91fc-d9b6dbcc3e44,2616433001,DEFAULT,CHOICE_PLOT_357,,,,182,,,PRODUCT IMPACT,4.249197515,209.196378828,9.526684576,0.0312632,0.000000037,1.314037508,0.000000221,71.257895846,0.242119606,0.028108578,0.000000001,0,0.000101129,73.953572984,0.005167674,0,0.089256327,0.000005825,0.013696939,,,PRODUCT_IMPACT
6708b1db-2cc0-4765-91fc-d9b6dbcc3e44,2616433001,DEFAULT,,,,,,,,END_OF_LIFE,0.211834971,0.000239621,0,0.000074277,0,-0.025608371,0.000000001,-0.21753233,0,0.000127585,0,0,0,0,0.000001625,0,0.000446836,0.00000001,0.000187889,,,PRODUCT_LIFECYCLE_STEP
6708b1db-2cc0-4765-91fc-d9b6dbcc3e44,2616433001,DEFAULT,,,,,,,,USE_PHASE,0.183023649,0.820078254,0.051586787,0.000781644,0.000000007,1.240604882,0.000000011,27.297679704,0,0.000231819,0,0,0,1.065233214,0.000036121,0,0.001711141,0.000001485,0.000428443,,,PRODUCT_LIFECYCLE_STEP
6708b1db-2cc0-4765-91fc-d9b6dbcc3e44,2616433001,DEFAULT,,,,,,,,DISTRIBUTION,0.024531325,0,0,0.000153508,0,0.002981479,0.000000002,0.36449322,0,0.000077519,0,0,0,0,0.000000009,0,0.000809744,0.000000082,0.000152695,,,PRODUCT_LIFECYCLE_STEP
6708b1db-2cc0-4765-91fc-d9b6dbcc3e44,2616433001,DEFAULT,,,,,,,,WAREHOUSE,0,0,0,0,0,0,0,0,0,0,0,0,0,0,0,0,0,0,0,,,PRODUCT_LIFECYCLE_STEP
6708b1db-2cc0-4765-91fc-d9b6dbcc3e44,2616433001,DEFAULT,,,,,,,,PRODUCT_TRANSPORT,0.070873035,0.026188027,0.000894908,0.001356305,0,0.00308583,0.000000007,0.949373742,0.041943982,0.000423552,0,0,0,0.182758794,0.000001009,0,0.004693783,0.000000141,0.001055953,,,PRODUCT_LIFECYCLE_STEP
6708b1db-2cc0-4765-91fc-d9b6dbcc3e44,2616433001,DEFAULT,,,,,,,,MANUFACTURING,0.551370298,0.935351683,0.049723229,0.002718689,0.000000004,0.012534806,0.000000008,6.690269664,0,0.000542048,0,0,0,0.822334385,0.000290372,0,0.005660386,0.000000384,0.001465547,,,PRODUCT_LIFECYCLE_STEP
6708b1db-2cc0-4765-91fc-d9b6dbcc3e44,2616433001,DEFAULT,,MAIN FABRIC (WOVEN),2616433001_MAIN_FABRIC,2616433001_MAIN_FABRIC_REANALYSIS,182,,,COMPONENT IMPACT,3.207564238,207.414521242,9.424479653,0.026178777,0.000000025,0.080438882,0.000000193,36.173611846,0.200175624,0.026706055,0.000000001,0,0.000101129,71.883246592,0.004838537,0,0.075934437,0.000003724,0.010406412,,a80e25e5-0b6c-4d21-ad76-66358cb8ad24,COMPONENT_IMPACT
6708b1db-2cc0-4765-91fc-d9b6dbcc3e44,2616433001,DEFAULT,,MAIN FABRIC (WOVEN),2616433001_MAIN_FABRIC,2616433001_MAIN_FABRIC_REANALYSIS,,,,SPINNING,1.261624053,2.140235313,0.113774757,0.006220799,0.000000009,0.028681655,0.000000017,15.308414628,0,0.001240293,0,0,0,1.88163353,0.000664418,0,0.012951876,0.000000878,0.003353407,,a80e25e5-0b6c-4d21-ad76-66358cb8ad24,COMPONENT_LIFECYCLE_STEP
6708b1db-2cc0-4765-91fc-d9b6dbcc3e44,2616433001,DEFAULT,,MAIN FABRIC (WOVEN),2616433001_MAIN_FABRIC,2616433001_MAIN_FABRIC_REANALYSIS,,,,DYEING,1.016837292,4.467149907,0.043111871,0.006599384,0.000000006,0.012671624,0.000000089,10.461672856,0,0.000999667,0.000000001,0,0,67.699084515,0.000374559,0,0.010506465,0.00000044,0.003038777,,a80e25e5-0b6c-4d21-ad76-66358cb8ad24,COMPONENT_LIFECYCLE_STEP
6708b1db-2cc0-4765-91fc-d9b6dbcc3e44,2616433001,DEFAULT,,MAIN FABRIC (WOVEN),2616433001_MAIN_FABRIC,2616433001_MAIN_FABRIC_REANALYSIS,,,,COMPONENT_TRANSPORT,0.124073838,0,0,0.001460869,0,0.008625133,0.000000017,1.761048023,0.124073838,0.000616367,0,0,0,0,0.000000139,0,0.006844073,0.000000334,0.001220726,,a80e25e5-0b6c-4d21-ad76-66358cb8ad24,COMPONENT_LIFECYCLE_STEP
6708b1db-2cc0-4765-91fc-d9b6dbcc3e44,2616433001,DEFAULT,,MAIN FABRIC (WOVEN),2616433001_MAIN_FABRIC,2616433001_MAIN_FABRIC_REANALYSIS,,,,WEAVING,0.610488456,1.659897043,0.048191625,0.003122713,0.000000009,0.029386522,0.000000013,8.169667895,0.076101786,0.000585365,0,0,0.000101129,0.797004365,0.000327651,0,0.00581802,0.00000181,0.00157414,,a80e25e5-0b6c-4d21-ad76-66358cb8ad24,COMPONENT_LIFECYCLE_STEP
6708b1db-2cc0-4765-91fc-d9b6dbcc3e44,2616433001,DEFAULT,,MAIN FABRIC (WOVEN),2616433001_MAIN_FABRIC,2616433001_MAIN_FABRIC_REANALYSIS,,1,REGENERATIVE COTTON,MATERIAL IMPACT,0.194540599,199.147238979,9.2194014,0.008775012,0,0.001073948,0.000000056,0.472808443,0,0.023264363,0,0,0,1.505524181,0.00347177,0,0.039814003,0.000000262,0.001219361,3f3980ed-c8bc-462c-bd1c-520466be333d,a80e25e5-0b6c-4d21-ad76-66358cb8ad24,MATERIAL_IMPACT
6708b1db-2cc0-4765-91fc-d9b6dbcc3e44,2616433001,DEFAULT,,MAIN FABRIC (WOVEN),2616433001_MAIN_FABRIC,2616433001_MAIN_FABRIC_REANALYSIS,,1,REGENERATIVE COTTON,HARVESTING,0,0,0,0,0,0,0,0,0,0,0,0,0,0,0,0,0,0,0,3f3980ed-c8bc-462c-bd1c-520466be333d,a80e25e5-0b6c-4d21-ad76-66358cb8ad24,MATERIAL_LIFECYCLE_STEP
6708b1db-2cc0-4765-91fc-d9b6dbcc3e44,2616433001,DEFAULT,,MAIN FABRIC (WOVEN),2616433001_MAIN_FABRIC,2616433001_MAIN_FABRIC_REANALYSIS,,1,REGENERATIVE COTTON,PREPARATION,0,0,0,0,0,0,0,0,0,0,0,0,0,0,0,0,0,0,0,3f3980ed-c8bc-462c-bd1c-520466be333d,a80e25e5-0b6c-4d21-ad76-66358cb8ad24,MATERIAL_LIFECYCLE_STEP
6708b1db-2cc0-4765-91fc-d9b6dbcc3e44,2616433001,DEFAULT,,MAIN FABRIC (WOVEN),2616433001_MAIN_FABRIC,2616433001_MAIN_FABRIC_REANALYSIS,,1,REGENERATIVE COTTON,RAW_MATERIAL_MODEL,0.194540599,199.147238979,9.2194014,0.008775012,0,0.001073948,0.000000056,0.472808443,0,0.023264363,0,0,0,1.505524181,0.00347177,0,0.039814003,0.000000262,0.001219361,3f3980ed-c8bc-462c-bd1c-520466be333d,a80e25e5-0b6c-4d21-ad76-66358cb8ad24,MATERIAL_LIFECYCLE_STEP
737fc32a-c43a-4315-bb26-99089ae00127,2615857001,DEFAULT,CHOICE_PLOT_357,,,,362,,,PRODUCT IMPACT,8.528383571,415.61786241,18.913783529,0.062704224,0.000000066,1.142797677,0.00000043,112.797534903,0.481578557,0.055921869,0.000000002,0,0.000201146,146.264757642,0.01039054,0.000000001,0.178519828,0.000010023,0.027516254,,,PRODUCT_IMPACT
737fc32a-c43a-4315-bb26-99089ae00127,2615857001,DEFAULT,,,,,,,,END_OF_LIFE,0.421685533,0.001853482,0,0.000148821,0,-0.050934633,0.000000001,-0.428232344,0,0.000254117,0,0,0,0,0.000003234,0,0.00089324,0.00000002,0.000374575,,,PRODUCT_LIFECYCLE_STEP
737fc32a-c43a-4315-bb26-99089ae00127,2615857001,DEFAULT,,,,,,,,USE_PHASE,0.146059515,0.654452211,0.041168128,0.00062378,0.000000006,0.990047722,0.000000008,21.784539151,0,0.000185,0,0,0,0.850094766,0.000028826,0,0.001365552,0.000001185,0.000341913,,,PRODUCT_LIFECYCLE_STEP
737fc32a-c43a-4315-bb26-99089ae00127,2615857001,DEFAULT,,,,,,,,DISTRIBUTION,0.048793075,0,0,0.000305329,0,0.005930194,0.000000004,0.72498102,0,0.000154186,0,0,0,0,0.000000018,0,0.00161059,0.000000162,0.000303713,,,PRODUCT_LIFECYCLE_STEP
737fc32a-c43a-4315-bb26-99089ae00127,2615857001,DEFAULT,,,,,,,,WAREHOUSE,0,0,0,0,0,0,0,0,0,0,0,0,0,0,0,0,0,0,0,,,PRODUCT_LIFECYCLE_STEP
737fc32a-c43a-4315-bb26-99089ae00127,2615857001,DEFAULT,,,,,,,,PRODUCT_TRANSPORT,0.140967245,0.052088274,0.001779982,0.002697705,0.000000001,0.00613775,0.000000013,1.888314806,0.083427041,0.00084245,0,0,0,0.36350925,0.000002007,0,0.009335987,0.00000028,0.002100302,,,PRODUCT_LIFECYCLE_STEP
737fc32a-c43a-4315-bb26-99089ae00127,2615857001,DEFAULT,,,,,,,,MANUFACTURING,0.551370298,0.935351683,0.049723229,0.002718689,0.000000004,0.012534806,0.000000008,6.690269664,0,0.000542048,0,0,0,0.822334385,0.000290372,0,0.005660386,0.000000384,0.001465547,,,PRODUCT_LIFECYCLE_STEP
737fc32a-c43a-4315-bb26-99089ae00127,2615857001,DEFAULT,,LININGS,2615857001_LININGS_REANALYSIS,2615857001_LININGS_REANALYSIS,90.5,,,COMPONENT IMPACT,1.804876976,103.49352919,4.705278048,0.014052475,0.000000014,0.04477046,0.000000099,20.534415652,0.099537879,0.013486017,0,0,0.000050286,36.05720481,0.00251652,0,0.039913518,0.000001998,0.005732551,,ad562589-d71a-4912-b1ae-cecb34b0b544,COMPONENT_IMPACT
737fc32a-c43a-4315-bb26-99089ae00127,2615857001,DEFAULT,,LININGS,2615857001_LININGS_REANALYSIS,2615857001_LININGS_REANALYSIS,,,,DYEING,0.505625137,2.221302564,0.021437496,0.003281562,0.000000003,0.006301,0.000000044,5.202095568,0,0.000497087,0,0,0,33.663555762,0.000186251,0,0.005224369,0.000000219,0.00151104,,ad562589-d71a-4912-b1ae-cecb34b0b544,COMPONENT_LIFECYCLE_STEP
737fc32a-c43a-4315-bb26-99089ae00127,2615857001,DEFAULT,,LININGS,2615857001_LININGS_REANALYSIS,2615857001_LININGS_REANALYSIS,,,,SPINNING,0.627346026,1.064237889,0.05657481,0.003093309,0.000000005,0.014262032,0.000000009,7.61215123,0,0.000616739,0,0,0,0.935647442,0.000330384,0,0.006440356,0.000000437,0.001667491,,ad562589-d71a-4912-b1ae-cecb34b0b544,COMPONENT_LIFECYCLE_STEP
737fc32a-c43a-4315-bb26-99089ae00127,2615857001,DEFAULT,,LININGS,2615857001_LININGS_REANALYSIS,2615857001_LININGS_REANALYSIS,,,,COMPONENT_TRANSPORT,0.061696057,0,0,0.000726421,0,0.004288871,0.000000009,0.875685968,0.061696057,0.00030649,0,0,0,0,0.000000069,0,0.003403234,0.000000166,0.00060701,,ad562589-d71a-4912-b1ae-cecb34b0b544,COMPONENT_LIFECYCLE_STEP
737fc32a-c43a-4315-bb26-99089ae00127,2615857001,DEFAULT,,LININGS,2615857001_LININGS_REANALYSIS,2615857001_LININGS_REANALYSIS,,,,WEAVING,0.513473909,1.181477047,0.042893067,0.002587784,0.000000006,0.019384533,0.00000001,6.609377588,0.037841822,0.000497432,0,0,0.000050286,0.709375571,0.00027347,0,0.005047937,0.000001046,0.00134068,,ad562589-d71a-4912-b1ae-cecb34b0b544,COMPONENT_LIFECYCLE_STEP
737fc32a-c43a-4315-bb26-99089ae00127,2615857001,DEFAULT,,LININGS,2615857001_LININGS_REANALYSIS,2615857001_LININGS_REANALYSIS,,1,REGENERATIVE COTTON,MATERIAL IMPACT,0.096735847,99.02651169,4.584372674,0.004363399,0,0.000534024,0.000000028,0.235105297,0,0.011568268,0,0,0,0.748626035,0.001726347,0,0.019797622,0.00000013,0.000606331,b1ec8751-7945-44d7-99c7-50393c2c47f1,ad562589-d71a-4912-b1ae-cecb34b0b544,MATERIAL_IMPACT
737fc32a-c43a-4315-bb26-99089ae00127,2615857001,DEFAULT,,LININGS,2615857001_LININGS_REANALYSIS,2615857001_LININGS_REANALYSIS,,1,REGENERATIVE COTTON,RAW_MATERIAL_MODEL,0.096735847,99.02651169,4.584372674,0.004363399,0,0.000534024,0.000000028,0.235105297,0,0.011568268,0,0,0,0.748626035,0.001726347,0,0.019797622,0.00000013,0.000606331,b1ec8751-7945-44d7-99c7-50393c2c47f1,ad562589-d71a-4912-b1ae-cecb34b0b544,MATERIAL_LIFECYCLE_STEP
737fc32a-c43a-4315-bb26-99089ae00127,2615857001,DEFAULT,,LININGS,2615857001_LININGS_REANALYSIS,2615857001_LININGS_REANALYSIS,,1,REGENERATIVE COTTON,HARVESTING,0,0,0,0,0,0,0,0,0,0,0,0,0,0,0,0,0,0,0,b1ec8751-7945-44d7-99c7-50393c2c47f1,ad562589-d71a-4912-b1ae-cecb34b0b544,MATERIAL_LIFECYCLE_STEP
737fc32a-c43a-4315-bb26-99089ae00127,2615857001,DEFAULT,,LININGS,2615857001_LININGS_REANALYSIS,2615857001_LININGS_REANALYSIS,,1,REGENERATIVE COTTON,PREPARATION,0,0,0,0,0,0,0,0,0,0,0,0,0,0,0,0,0,0,0,b1ec8751-7945-44d7-99c7-50393c2c47f1,ad562589-d71a-4912-b1ae-cecb34b0b544,MATERIAL_LIFECYCLE_STEP
737fc32a-c43a-4315-bb26-99089ae00127,2615857001,DEFAULT,,MAIN FABRIC (WOVEN),2615857001_MAIN FABRIC_REANALYSIS,2615857001_MAIN FABRIC_REANALYSIS,271.5,,,COMPONENT IMPACT,5.414630929,310.480587571,14.115834143,0.042157425,0.000000041,0.134311379,0.000000297,61.603246955,0.298613637,0.040458051,0.000000001,0,0.000150859,108.171614431,0.007549561,0.000000001,0.119740554,0.000005994,0.017197653,,d20a310b-69e6-483d-b551-96c7c385e50e,COMPONENT_IMPACT
737fc32a-c43a-4315-bb26-99089ae00127,2615857001,DEFAULT,,MAIN FABRIC (WOVEN),2615857001_MAIN FABRIC_REANALYSIS,2615857001_MAIN FABRIC_REANALYSIS,,,,SPINNING,1.882038079,3.192713668,0.169724431,0.009279928,0.000000014,0.042786095,0.000000026,22.836453689,0,0.001850218,0,0,0,2.806942327,0.000991151,0,0.019321068,0.00000131,0.005002473,,d20a310b-69e6-483d-b551-96c7c385e50e,COMPONENT_LIFECYCLE_STEP
737fc32a-c43a-4315-bb26-99089ae00127,2615857001,DEFAULT,,MAIN FABRIC (WOVEN),2615857001_MAIN FABRIC_REANALYSIS,2615857001_MAIN FABRIC_REANALYSIS,,,,WEAVING,1.540421728,3.544431142,0.128679201,0.007763351,0.000000018,0.0581536,0.000000029,19.828132765,0.113525466,0.001492296,0,0,0.000150859,2.128126714,0.00082041,0,0.015143811,0.000003138,0.004022039,,d20a310b-69e6-483d-b551-96c7c385e50e,COMPONENT_LIFECYCLE_STEP
737fc32a-c43a-4315-bb26-99089ae00127,2615857001,DEFAULT,,MAIN FABRIC (WOVEN),2615857001_MAIN FABRIC_REANALYSIS,2615857001_MAIN FABRIC_REANALYSIS,,,,COMPONENT_TRANSPORT,0.18508817,0,0,0.002179264,0,0.012866613,0.000000026,2.627057903,0.18508817,0.00091947,0,0,0,0,0.000000207,0,0.010209702,0.000000499,0.001821029,,d20a310b-69e6-483d-b551-96c7c385e50e,COMPONENT_LIFECYCLE_STEP
737fc32a-c43a-4315-bb26-99089ae00127,2615857001,DEFAULT,,MAIN FABRIC (WOVEN),2615857001_MAIN FABRIC_REANALYSIS,2615857001_MAIN FABRIC_REANALYSIS,,,,DYEING,1.516875411,6.663907691,0.064312488,0.009844685,0.000000009,0.018903,0.000000132,15.606286705,0,0.001491262,0.000000001,0,0,100.990667285,0.000558752,0,0.015673106,0.000000656,0.004533121,,d20a310b-69e6-483d-b551-96c7c385e50e,COMPONENT_LIFECYCLE_STEP
737fc32a-c43a-4315-bb26-99089ae00127,2615857001,DEFAULT,,MAIN FABRIC (WOVEN),2615857001_MAIN FABRIC_REANALYSIS,2615857001_MAIN FABRIC_REANALYSIS,,1,REGENERATIVE COTTON,MATERIAL IMPACT,0.290207541,297.07953507,13.753118023,0.013090196,0,0.001602071,0.000000084,0.705315892,0,0.034704805,0,0,0,2.245878106,0.005179041,0,0.059392867,0.00000039,0.001818992,41121793-d8dd-4a76-8310-dd114512358b,d20a310b-69e6-483d-b551-96c7c385e50e,MATERIAL_IMPACT
737fc32a-c43a-4315-bb26-99089ae00127,2615857001,DEFAULT,,MAIN FABRIC (WOVEN),2615857001_MAIN FABRIC_REANALYSIS,2615857001_MAIN FABRIC_REANALYSIS,,1,REGENERATIVE COTTON,HARVESTING,0,0,0,0,0,0,0,0,0,0,0,0,0,0,0,0,0,0,0,41121793-d8dd-4a76-8310-dd114512358b,d20a310b-69e6-483d-b551-96c7c385e50e,MATERIAL_LIFECYCLE_STEP
737fc32a-c43a-4315-bb26-99089ae00127,2615857001,DEFAULT,,MAIN FABRIC (WOVEN),2615857001_MAIN FABRIC_REANALYSIS,2615857001_MAIN FABRIC_REANALYSIS,,1,REGENERATIVE COTTON,PREPARATION,0,0,0,0,0,0,0,0,0,0,0,0,0,0,0,0,0,0,0,41121793-d8dd-4a76-8310-dd114512358b,d20a310b-69e6-483d-b551-96c7c385e50e,MATERIAL_LIFECYCLE_STEP
737fc32a-c43a-4315-bb26-99089ae00127,2615857001,DEFAULT,,MAIN FABRIC (WOVEN),2615857001_MAIN FABRIC_REANALYSIS,2615857001_MAIN FABRIC_REANALYSIS,,1,REGENERATIVE COTTON,RAW_MATERIAL_MODEL,0.290207541,297.07953507,13.753118023,0.013090196,0,0.001602071,0.000000084,0.705315892,0,0.034704805,0,0,0,2.245878106,0.005179041,0,0.059392867,0.00000039,0.001818992,41121793-d8dd-4a76-8310-dd114512358b,d20a310b-69e6-483d-b551-96c7c385e50e,MATERIAL_LIFECYCLE_STEP
793c4c1e-a3f1-4457-a2dc-bd3c1eeda15d,2616083001,DEFAULT,CHOICE_PLOT_357,,,,182,,,PRODUCT IMPACT,4.249197515,209.196378828,9.526684576,0.0312632,0.000000037,1.314037508,0.000000221,71.257895846,0.242119606,0.028108578,0.000000001,0,0.000101129,73.953572984,0.005167674,0,0.089256327,0.000005825,0.013696939,,,PRODUCT_IMPACT
793c4c1e-a3f1-4457-a2dc-bd3c1eeda15d,2616083001,DEFAULT,,,,,,,,END_OF_LIFE,0.211834971,0.000239621,0,0.000074277,0,-0.025608371,0.000000001,-0.21753233,0,0.000127585,0,0,0,0,0.000001625,0,0.000446836,0.00000001,0.000187889,,,PRODUCT_LIFECYCLE_STEP
793c4c1e-a3f1-4457-a2dc-bd3c1eeda15d,2616083001,DEFAULT,,,,,,,,USE_PHASE,0.183023649,0.820078254,0.051586787,0.000781644,0.000000007,1.240604882,0.000000011,27.297679704,0,0.000231819,0,0,0,1.065233214,0.000036121,0,0.001711141,0.000001485,0.000428443,,,PRODUCT_LIFECYCLE_STEP
793c4c1e-a3f1-4457-a2dc-bd3c1eeda15d,2616083001,DEFAULT,,,,,,,,DISTRIBUTION,0.024531325,0,0,0.000153508,0,0.002981479,0.000000002,0.36449322,0,0.000077519,0,0,0,0,0.000000009,0,0.000809744,0.000000082,0.000152695,,,PRODUCT_LIFECYCLE_STEP
793c4c1e-a3f1-4457-a2dc-bd3c1eeda15d,2616083001,DEFAULT,,,,,,,,WAREHOUSE,0,0,0,0,0,0,0,0,0,0,0,0,0,0,0,0,0,0,0,,,PRODUCT_LIFECYCLE_STEP
793c4c1e-a3f1-4457-a2dc-bd3c1eeda15d,2616083001,DEFAULT,,,,,,,,PRODUCT_TRANSPORT,0.070873035,0.026188027,0.000894908,0.001356305,0,0.00308583,0.000000007,0.949373742,0.041943982,0.000423552,0,0,0,0.182758794,0.000001009,0,0.004693783,0.000000141,0.001055953,,,PRODUCT_LIFECYCLE_STEP
793c4c1e-a3f1-4457-a2dc-bd3c1eeda15d,2616083001,DEFAULT,,,,,,,,MANUFACTURING,0.551370298,0.935351683,0.049723229,0.002718689,0.000000004,0.012534806,0.000000008,6.690269664,0,0.000542048,0,0,0,0.822334385,0.000290372,0,0.005660386,0.000000384,0.001465547,,,PRODUCT_LIFECYCLE_STEP
793c4c1e-a3f1-4457-a2dc-bd3c1eeda15d,2616083001,DEFAULT,,MAIN FABRIC (WOVEN),2616083001_MAIN_FABRIC,2616083001_MAIN_FABRIC,182,,,COMPONENT IMPACT,3.207564238,207.414521242,9.424479653,0.026178777,0.000000025,0.080438882,0.000000193,36.173611846,0.200175624,0.026706055,0.000000001,0,0.000101129,71.883246592,0.004838537,0,0.075934437,0.000003724,0.010406412,,cdb747df-4076-4d6c-9946-b3eeee225d7e,COMPONENT_IMPACT
793c4c1e-a3f1-4457-a2dc-bd3c1eeda15d,2616083001,DEFAULT,,MAIN FABRIC (WOVEN),2616083001_MAIN_FABRIC,2616083001_MAIN_FABRIC,,,,SPINNING,1.261624053,2.140235313,0.113774757,0.006220799,0.000000009,0.028681655,0.000000017,15.308414628,0,0.001240293,0,0,0,1.88163353,0.000664418,0,0.012951876,0.000000878,0.003353407,,cdb747df-4076-4d6c-9946-b3eeee225d7e,COMPONENT_LIFECYCLE_STEP
793c4c1e-a3f1-4457-a2dc-bd3c1eeda15d,2616083001,DEFAULT,,MAIN FABRIC (WOVEN),2616083001_MAIN_FABRIC,2616083001_MAIN_FABRIC,,,,COMPONENT_TRANSPORT,0.124073838,0,0,0.001460869,0,0.008625133,0.000000017,1.761048023,0.124073838,0.000616367,0,0,0,0,0.000000139,0,0.006844073,0.000000334,0.001220726,,cdb747df-4076-4d6c-9946-b3eeee225d7e,COMPONENT_LIFECYCLE_STEP
793c4c1e-a3f1-4457-a2dc-bd3c1eeda15d,2616083001,DEFAULT,,MAIN FABRIC (WOVEN),2616083001_MAIN_FABRIC,2616083001_MAIN_FABRIC,,,,DYEING,1.016837292,4.467149907,0.043111871,0.006599384,0.000000006,0.012671624,0.000000089,10.461672856,0,0.000999667,0.000000001,0,0,67.699084515,0.000374559,0,0.010506465,0.00000044,0.003038777,,cdb747df-4076-4d6c-9946-b3eeee225d7e,COMPONENT_LIFECYCLE_STEP
793c4c1e-a3f1-4457-a2dc-bd3c1eeda15d,2616083001,DEFAULT,,MAIN FABRIC (WOVEN),2616083001_MAIN_FABRIC,2616083001_MAIN_FABRIC,,,,WEAVING,0.610488456,1.659897043,0.048191625,0.003122713,0.000000009,0.029386522,0.000000013,8.169667895,0.076101786,0.000585365,0,0,0.000101129,0.797004365,0.000327651,0,0.00581802,0.00000181,0.00157414,,cdb747df-4076-4d6c-9946-b3eeee225d7e,COMPONENT_LIFECYCLE_STEP
793c4c1e-a3f1-4457-a2dc-bd3c1eeda15d,2616083001,DEFAULT,,MAIN FABRIC (WOVEN),2616083001_MAIN_FABRIC,2616083001_MAIN_FABRIC,,1,REGENERATIVE COTTON,MATERIAL IMPACT,0.194540599,199.147238979,9.2194014,0.008775012,0,0.001073948,0.000000056,0.472808443,0,0.023264363,0,0,0,1.505524181,0.00347177,0,0.039814003,0.000000262,0.001219361,1d3a55d1-d610-4b98-8a73-131f145c1ab6,cdb747df-4076-4d6c-9946-b3eeee225d7e,MATERIAL_IMPACT
793c4c1e-a3f1-4457-a2dc-bd3c1eeda15d,2616083001,DEFAULT,,MAIN FABRIC (WOVEN),2616083001_MAIN_FABRIC,2616083001_MAIN_FABRIC,,1,REGENERATIVE COTTON,HARVESTING,0,0,0,0,0,0,0,0,0,0,0,0,0,0,0,0,0,0,0,1d3a55d1-d610-4b98-8a73-131f145c1ab6,cdb747df-4076-4d6c-9946-b3eeee225d7e,MATERIAL_LIFECYCLE_STEP
793c4c1e-a3f1-4457-a2dc-bd3c1eeda15d,2616083001,DEFAULT,,MAIN FABRIC (WOVEN),2616083001_MAIN_FABRIC,2616083001_MAIN_FABRIC,,1,REGENERATIVE COTTON,PREPARATION,0,0,0,0,0,0,0,0,0,0,0,0,0,0,0,0,0,0,0,1d3a55d1-d610-4b98-8a73-131f145c1ab6,cdb747df-4076-4d6c-9946-b3eeee225d7e,MATERIAL_LIFECYCLE_STEP
793c4c1e-a3f1-4457-a2dc-bd3c1eeda15d,2616083001,DEFAULT,,MAIN FABRIC (WOVEN),2616083001_MAIN_FABRIC,2616083001_MAIN_FABRIC,,1,REGENERATIVE COTTON,RAW_MATERIAL_MODEL,0.194540599,199.147238979,9.2194014,0.008775012,0,0.001073948,0.000000056,0.472808443,0,0.023264363,0,0,0,1.505524181,0.00347177,0,0.039814003,0.000000262,0.001219361,1d3a55d1-d610-4b98-8a73-131f145c1ab6,cdb747df-4076-4d6c-9946-b3eeee225d7e,MATERIAL_LIFECYCLE_STEP
87ffbadc-fcb2-453f-8d25-87d93b1d7840,2616438002,DEFAULT,CHOICE_PLOT_357,,,,473,,,PRODUCT IMPACT,12.894226925,546.182843767,24.881874153,0.090527754,0.000000101,1.908342655,0.000000589,176.240346611,0.62924491,0.074806111,0.000000003,0,0.000262823,193.965962293,0.01448046,0.000000001,0.251181318,0.000014728,0.040589585,,,PRODUCT_IMPACT
87ffbadc-fcb2-453f-8d25-87d93b1d7840,2616438002,DEFAULT,,,,,,,,END_OF_LIFE,0.550727999,0.001383894,0,0.000193638,0,-0.066553237,0.000000002,-0.562889535,0,0.000331774,0,0,0,0,0.000004225,0,0.001163758,0.000000026,0.000488781,,,PRODUCT_LIFECYCLE_STEP
87ffbadc-fcb2-453f-8d25-87d93b1d7840,2616438002,DEFAULT,,,,,,,,USE_PHASE,0.24640239,1.104060831,0.069450629,0.001052317,0.00000001,1.670210435,0.000000014,36.750515948,0,0.000312095,0,0,0,1.434109809,0.00004863,0,0.002303687,0.000001999,0.000576807,,,PRODUCT_LIFECYCLE_STEP
87ffbadc-fcb2-453f-8d25-87d93b1d7840,2616438002,DEFAULT,,,,,,,,DISTRIBUTION,0.063754488,0,0,0.000398952,0,0.007748568,0.000000005,0.94728183,0,0.000201464,0,0,0,0,0.000000024,0,0.002104446,0.000000212,0.00039684,,,PRODUCT_LIFECYCLE_STEP
87ffbadc-fcb2-453f-8d25-87d93b1d7840,2616438002,DEFAULT,,,,,,,,WAREHOUSE,0,0,0,0,0,0,0,0,0,0,0,0,0,0,0,0,0,0,0,,,PRODUCT_LIFECYCLE_STEP
87ffbadc-fcb2-453f-8d25-87d93b1d7840,2616438002,DEFAULT,,,,,,,,PRODUCT_TRANSPORT,0.184192008,0.068060093,0.002325777,0.003524902,0.000000001,0.008019767,0.000000018,2.467328462,0.109008261,0.00110077,0,0,0,0.474972031,0.000002623,0,0.012198679,0.000000366,0.002744317,,,PRODUCT_LIFECYCLE_STEP
87ffbadc-fcb2-453f-8d25-87d93b1d7840,2616438002,DEFAULT,,,,,,,,MANUFACTURING,1.24058317,2.104541287,0.111877265,0.006117051,0.000000009,0.028203313,0.000000017,15.053106744,0,0.001219608,0,0,0,1.850252366,0.000653337,0,0.012735869,0.000000864,0.003297481,,,PRODUCT_LIFECYCLE_STEP
87ffbadc-fcb2-453f-8d25-87d93b1d7840,2616438002,DEFAULT,,MAIN FABRIC (WOVEN),2616438002_MAIN_FABRIC,2616438002_MAIN_FABRIC_REANALYSIS,473,,,COMPONENT IMPACT,10.60856687,542.904797661,24.698220481,0.079240894,0.000000081,0.26071381,0.000000534,121.585003162,0.520236649,0.071640399,0.000000003,0,0.000262823,190.206628088,0.013771622,0.000000001,0.22067488,0.000011261,0.03308536,,1bd098a0-17e8-408c-8049-64f1681546e8,COMPONENT_IMPACT
87ffbadc-fcb2-453f-8d25-87d93b1d7840,2616438002,DEFAULT,,MAIN FABRIC (WOVEN),2616438002_MAIN_FABRIC,2616438002_MAIN_FABRIC_REANALYSIS,,,,WEAVING,3.859023767,8.168878726,0.330175223,0.019320464,0.00000004,0.128033774,0.000000066,48.805522456,0.197781015,0.003755309,0.000000001,0,0.000262823,5.460515048,0.002048275,0,0.038449247,0.000006286,0.010131158,,1bd098a0-17e8-408c-8049-64f1681546e8,COMPONENT_LIFECYCLE_STEP
87ffbadc-fcb2-453f-8d25-87d93b1d7840,2616438002,DEFAULT,,MAIN FABRIC (WOVEN),2616438002_MAIN_FABRIC,2616438002_MAIN_FABRIC_REANALYSIS,,,,SPINNING,3.278836138,5.562259907,0.29568934,0.016167242,0.000000024,0.074540784,0.000000045,39.785055599,0,0.0032234,0,0,0,4.89017945,0.001726757,0,0.033660644,0.000002283,0.008715174,,1bd098a0-17e8-408c-8049-64f1681546e8,COMPONENT_LIFECYCLE_STEP
87ffbadc-fcb2-453f-8d25-87d93b1d7840,2616438002,DEFAULT,,MAIN FABRIC (WOVEN),2616438002_MAIN_FABRIC,2616438002_MAIN_FABRIC_REANALYSIS,,,,COMPONENT_TRANSPORT,0.322455634,0,0,0.003796655,0,0.022415867,0.000000045,4.576789643,0.322455634,0.001601876,0,0,0,0,0.000000361,0,0.017787069,0.000000869,0.003172547,,1bd098a0-17e8-408c-8049-64f1681546e8,COMPONENT_LIFECYCLE_STEP
87ffbadc-fcb2-453f-8d25-87d93b1d7840,2616438002,DEFAULT,,MAIN FABRIC (WOVEN),2616438002_MAIN_FABRIC,2616438002_MAIN_FABRIC_REANALYSIS,,,,DYEING,2.642659555,11.609680803,0.112043488,0.017151146,0.000000016,0.032932299,0.000000231,27.188853081,0,0.002598036,0.000000001,0,0,175.943225141,0.000973442,0.000000001,0.027305264,0.000001143,0.007897481,,1bd098a0-17e8-408c-8049-64f1681546e8,COMPONENT_LIFECYCLE_STEP
87ffbadc-fcb2-453f-8d25-87d93b1d7840,2616438002,DEFAULT,,MAIN FABRIC (WOVEN),2616438002_MAIN_FABRIC,2616438002_MAIN_FABRIC_REANALYSIS,,1,REGENERATIVE COTTON,MATERIAL IMPACT,0.505591776,517.563978225,23.96031243,0.022805388,0.000000001,0.002791086,0.000000147,1.228782383,0,0.060461778,0,0,0,3.91270845,0.009022786,0,0.103472655,0.00000068,0.003168999,211b27b5-ab60-4db5-8355-3db4e0fec648,1bd098a0-17e8-408c-8049-64f1681546e8,MATERIAL_IMPACT
87ffbadc-fcb2-453f-8d25-87d93b1d7840,2616438002,DEFAULT,,MAIN FABRIC (WOVEN),2616438002_MAIN_FABRIC,2616438002_MAIN_FABRIC_REANALYSIS,,1,REGENERATIVE COTTON,HARVESTING,0,0,0,0,0,0,0,0,0,0,0,0,0,0,0,0,0,0,0,211b27b5-ab60-4db5-8355-3db4e0fec648,1bd098a0-17e8-408c-8049-64f1681546e8,MATERIAL_LIFECYCLE_STEP
87ffbadc-fcb2-453f-8d25-87d93b1d7840,2616438002,DEFAULT,,MAIN FABRIC (WOVEN),2616438002_MAIN_FABRIC,2616438002_MAIN_FABRIC_REANALYSIS,,1,REGENERATIVE COTTON,RAW_MATERIAL_MODEL,0.505591776,517.563978225,23.96031243,0.022805388,0.000000001,0.002791086,0.000000147,1.228782383,0,0.060461778,0,0,0,3.91270845,0.009022786,0,0.103472655,0.00000068,0.003168999,211b27b5-ab60-4db5-8355-3db4e0fec648,1bd098a0-17e8-408c-8049-64f1681546e8,MATERIAL_LIFECYCLE_STEP
87ffbadc-fcb2-453f-8d25-87d93b1d7840,2616438002,DEFAULT,,MAIN FABRIC (WOVEN),2616438002_MAIN_FABRIC,2616438002_MAIN_FABRIC_REANALYSIS,,1,REGENERATIVE COTTON,PREPARATION,0,0,0,0,0,0,0,0,0,0,0,0,0,0,0,0,0,0,0,211b27b5-ab60-4db5-8355-3db4e0fec648,1bd098a0-17e8-408c-8049-64f1681546e8,MATERIAL_LIFECYCLE_STEP
980b9ac9-076d-4fab-ba28-12c7990390f5,2616434002,DEFAULT,CHOICE_PLOT_357,,,,182,,,PRODUCT IMPACT,4.249197515,209.196378828,9.526684576,0.0312632,0.000000037,1.314037508,0.000000221,71.257895846,0.242119606,0.028108578,0.000000001,0,0.000101129,73.953572984,0.005167674,0,0.089256327,0.000005825,0.013696939,,,PRODUCT_IMPACT
980b9ac9-076d-4fab-ba28-12c7990390f5,2616434002,DEFAULT,,,,,,,,END_OF_LIFE,0.211834971,0.000239621,0,0.000074277,0,-0.025608371,0.000000001,-0.21753233,0,0.000127585,0,0,0,0,0.000001625,0,0.000446836,0.00000001,0.000187889,,,PRODUCT_LIFECYCLE_STEP
980b9ac9-076d-4fab-ba28-12c7990390f5,2616434002,DEFAULT,,,,,,,,USE_PHASE,0.183023649,0.820078254,0.051586787,0.000781644,0.000000007,1.240604882,0.000000011,27.297679704,0,0.000231819,0,0,0,1.065233214,0.000036121,0,0.001711141,0.000001485,0.000428443,,,PRODUCT_LIFECYCLE_STEP
980b9ac9-076d-4fab-ba28-12c7990390f5,2616434002,DEFAULT,,,,,,,,DISTRIBUTION,0.024531325,0,0,0.000153508,0,0.002981479,0.000000002,0.36449322,0,0.000077519,0,0,0,0,0.000000009,0,0.000809744,0.000000082,0.000152695,,,PRODUCT_LIFECYCLE_STEP
980b9ac9-076d-4fab-ba28-12c7990390f5,2616434002,DEFAULT,,,,,,,,WAREHOUSE,0,0,0,0,0,0,0,0,0,0,0,0,0,0,0,0,0,0,0,,,PRODUCT_LIFECYCLE_STEP
980b9ac9-076d-4fab-ba28-12c7990390f5,2616434002,DEFAULT,,,,,,,,PRODUCT_TRANSPORT,0.070873035,0.026188027,0.000894908,0.001356305,0,0.00308583,0.000000007,0.949373742,0.041943982,0.000423552,0,0,0,0.182758794,0.000001009,0,0.004693783,0.000000141,0.001055953,,,PRODUCT_LIFECYCLE_STEP
980b9ac9-076d-4fab-ba28-12c7990390f5,2616434002,DEFAULT,,,,,,,,MANUFACTURING,0.551370298,0.935351683,0.049723229,0.002718689,0.000000004,0.012534806,0.000000008,6.690269664,0,0.000542048,0,0,0,0.822334385,0.000290372,0,0.005660386,0.000000384,0.001465547,,,PRODUCT_LIFECYCLE_STEP
980b9ac9-076d-4fab-ba28-12c7990390f5,2616434002,DEFAULT,,MAIN FABRIC (WOVEN),2616434002_MAIN_FABRIC,2616434002_MAIN_FABRIC_REANALYSIS,182,,,COMPONENT IMPACT,3.207564238,207.414521242,9.424479653,0.026178777,0.000000025,0.080438882,0.000000193,36.173611846,0.200175624,0.026706055,0.000000001,0,0.000101129,71.883246592,0.004838537,0,0.075934437,0.000003724,0.010406412,,120c2a2e-4312-4422-b55c-c0695d1b1a65,COMPONENT_IMPACT
980b9ac9-076d-4fab-ba28-12c7990390f5,2616434002,DEFAULT,,MAIN FABRIC (WOVEN),2616434002_MAIN_FABRIC,2616434002_MAIN_FABRIC_REANALYSIS,,,,WEAVING,0.610488456,1.659897043,0.048191625,0.003122713,0.000000009,0.029386522,0.000000013,8.169667895,0.076101786,0.000585365,0,0,0.000101129,0.797004365,0.000327651,0,0.00581802,0.00000181,0.00157414,,120c2a2e-4312-4422-b55c-c0695d1b1a65,COMPONENT_LIFECYCLE_STEP
980b9ac9-076d-4fab-ba28-12c7990390f5,2616434002,DEFAULT,,MAIN FABRIC (WOVEN),2616434002_MAIN_FABRIC,2616434002_MAIN_FABRIC_REANALYSIS,,,,COMPONENT_TRANSPORT,0.124073838,0,0,0.001460869,0,0.008625133,0.000000017,1.761048023,0.124073838,0.000616367,0,0,0,0,0.000000139,0,0.006844073,0.000000334,0.001220726,,120c2a2e-4312-4422-b55c-c0695d1b1a65,COMPONENT_LIFECYCLE_STEP
980b9ac9-076d-4fab-ba28-12c7990390f5,2616434002,DEFAULT,,MAIN FABRIC (WOVEN),2616434002_MAIN_FABRIC,2616434002_MAIN_FABRIC_REANALYSIS,,,,SPINNING,1.261624053,2.140235313,0.113774757,0.006220799,0.000000009,0.028681655,0.000000017,15.308414628,0,0.001240293,0,0,0,1.88163353,0.000664418,0,0.012951876,0.000000878,0.003353407,,120c2a2e-4312-4422-b55c-c0695d1b1a65,COMPONENT_LIFECYCLE_STEP
980b9ac9-076d-4fab-ba28-12c7990390f5,2616434002,DEFAULT,,MAIN FABRIC (WOVEN),2616434002_MAIN_FABRIC,2616434002_MAIN_FABRIC_REANALYSIS,,,,DYEING,1.016837292,4.467149907,0.043111871,0.006599384,0.000000006,0.012671624,0.000000089,10.461672856,0,0.000999667,0.000000001,0,0,67.699084515,0.000374559,0,0.010506465,0.00000044,0.003038777,,120c2a2e-4312-4422-b55c-c0695d1b1a65,COMPONENT_LIFECYCLE_STEP
980b9ac9-076d-4fab-ba28-12c7990390f5,2616434002,DEFAULT,,MAIN FABRIC (WOVEN),2616434002_MAIN_FABRIC,2616434002_MAIN_FABRIC_REANALYSIS,,1,REGENERATIVE COTTON,MATERIAL IMPACT,0.194540599,199.147238979,9.2194014,0.008775012,0,0.001073948,0.000000056,0.472808443,0,0.023264363,0,0,0,1.505524181,0.00347177,0,0.039814003,0.000000262,0.001219361,f0ad9834-109d-4a49-a06c-f4ed00dede69,120c2a2e-4312-4422-b55c-c0695d1b1a65,MATERIAL_IMPACT
980b9ac9-076d-4fab-ba28-12c7990390f5,2616434002,DEFAULT,,MAIN FABRIC (WOVEN),2616434002_MAIN_FABRIC,2616434002_MAIN_FABRIC_REANALYSIS,,1,REGENERATIVE COTTON,HARVESTING,0,0,0,0,0,0,0,0,0,0,0,0,0,0,0,0,0,0,0,f0ad9834-109d-4a49-a06c-f4ed00dede69,120c2a2e-4312-4422-b55c-c0695d1b1a65,MATERIAL_LIFECYCLE_STEP
980b9ac9-076d-4fab-ba28-12c7990390f5,2616434002,DEFAULT,,MAIN FABRIC (WOVEN),2616434002_MAIN_FABRIC,2616434002_MAIN_FABRIC_REANALYSIS,,1,REGENERATIVE COTTON,PREPARATION,0,0,0,0,0,0,0,0,0,0,0,0,0,0,0,0,0,0,0,f0ad9834-109d-4a49-a06c-f4ed00dede69,120c2a2e-4312-4422-b55c-c0695d1b1a65,MATERIAL_LIFECYCLE_STEP
980b9ac9-076d-4fab-ba28-12c7990390f5,2616434002,DEFAULT,,MAIN FABRIC (WOVEN),2616434002_MAIN_FABRIC,2616434002_MAIN_FABRIC_REANALYSIS,,1,REGENERATIVE COTTON,RAW_MATERIAL_MODEL,0.194540599,199.147238979,9.2194014,0.008775012,0,0.001073948,0.000000056,0.472808443,0,0.023264363,0,0,0,1.505524181,0.00347177,0,0.039814003,0.000000262,0.001219361,f0ad9834-109d-4a49-a06c-f4ed00dede69,120c2a2e-4312-4422-b55c-c0695d1b1a65,MATERIAL_LIFECYCLE_STEP
a48f65a9-8c9e-4eb4-9191-c4ad17bf364e,2615839001,DEFAULT,CHOICE_PLOT_357,,,,362,,,PRODUCT IMPACT,8.528383571,415.61786241,18.913783529,0.062704224,0.000000066,1.142797677,0.00000043,112.797534903,0.481578557,0.055921869,0.000000002,0,0.000201146,146.264757642,0.01039054,0.000000001,0.178519828,0.000010023,0.027516254,,,PRODUCT_IMPACT
a48f65a9-8c9e-4eb4-9191-c4ad17bf364e,2615839001,DEFAULT,,,,,,,,END_OF_LIFE,0.421685533,0.001853482,0,0.000148821,0,-0.050934633,0.000000001,-0.428232344,0,0.000254117,0,0,0,0,0.000003234,0,0.00089324,0.00000002,0.000374575,,,PRODUCT_LIFECYCLE_STEP
a48f65a9-8c9e-4eb4-9191-c4ad17bf364e,2615839001,DEFAULT,,,,,,,,USE_PHASE,0.146059515,0.654452211,0.041168128,0.00062378,0.000000006,0.990047722,0.000000008,21.784539151,0,0.000185,0,0,0,0.850094766,0.000028826,0,0.001365552,0.000001185,0.000341913,,,PRODUCT_LIFECYCLE_STEP
a48f65a9-8c9e-4eb4-9191-c4ad17bf364e,2615839001,DEFAULT,,,,,,,,DISTRIBUTION,0.048793075,0,0,0.000305329,0,0.005930194,0.000000004,0.72498102,0,0.000154186,0,0,0,0,0.000000018,0,0.00161059,0.000000162,0.000303713,,,PRODUCT_LIFECYCLE_STEP
a48f65a9-8c9e-4eb4-9191-c4ad17bf364e,2615839001,DEFAULT,,,,,,,,WAREHOUSE,0,0,0,0,0,0,0,0,0,0,0,0,0,0,0,0,0,0,0,,,PRODUCT_LIFECYCLE_STEP
a48f65a9-8c9e-4eb4-9191-c4ad17bf364e,2615839001,DEFAULT,,,,,,,,PRODUCT_TRANSPORT,0.140967245,0.052088274,0.001779982,0.002697705,0.000000001,0.00613775,0.000000013,1.888314806,0.083427041,0.00084245,0,0,0,0.36350925,0.000002007,0,0.009335987,0.00000028,0.002100302,,,PRODUCT_LIFECYCLE_STEP
a48f65a9-8c9e-4eb4-9191-c4ad17bf364e,2615839001,DEFAULT,,,,,,,,MANUFACTURING,0.551370298,0.935351683,0.049723229,0.002718689,0.000000004,0.012534806,0.000000008,6.690269664,0,0.000542048,0,0,0,0.822334385,0.000290372,0,0.005660386,0.000000384,0.001465547,,,PRODUCT_LIFECYCLE_STEP
a48f65a9-8c9e-4eb4-9191-c4ad17bf364e,2615839001,DEFAULT,,MAIN FABRIC (WOVEN),2615839001_MAIN_FABRIC,2615839001_MAIN_FABRIC,362,,,COMPONENT IMPACT,7.219507906,413.974116761,18.821112191,0.056209899,0.000000055,0.179081839,0.000000396,82.137662606,0.398151515,0.053944068,0.000000002,0,0.000201146,144.228819241,0.010066082,0.000000001,0.159654072,0.000007992,0.022930205,,cf66c415-12a3-4bfd-9d22-bc7da3fd0087,COMPONENT_IMPACT
a48f65a9-8c9e-4eb4-9191-c4ad17bf364e,2615839001,DEFAULT,,MAIN FABRIC (WOVEN),2615839001_MAIN_FABRIC,2615839001_MAIN_FABRIC,,,,COMPONENT_TRANSPORT,0.246784227,0,0,0.002905685,0,0.017155484,0.000000035,3.502743871,0.246784227,0.00122596,0,0,0,0,0.000000277,0,0.013612936,0.000000665,0.002428038,,cf66c415-12a3-4bfd-9d22-bc7da3fd0087,COMPONENT_LIFECYCLE_STEP
a48f65a9-8c9e-4eb4-9191-c4ad17bf364e,2615839001,DEFAULT,,MAIN FABRIC (WOVEN),2615839001_MAIN_FABRIC,2615839001_MAIN_FABRIC,,,,SPINNING,2.509384105,4.256951557,0.226299241,0.012373238,0.000000019,0.057048126,0.000000034,30.448604919,0,0.002466957,0,0,0,3.742589769,0.001321535,0,0.025761423,0.000001747,0.006669964,,cf66c415-12a3-4bfd-9d22-bc7da3fd0087,COMPONENT_LIFECYCLE_STEP
a48f65a9-8c9e-4eb4-9191-c4ad17bf364e,2615839001,DEFAULT,,MAIN FABRIC (WOVEN),2615839001_MAIN_FABRIC,2615839001_MAIN_FABRIC,,,,WEAVING,2.053895637,4.725908189,0.171572268,0.010351134,0.000000024,0.077538133,0.000000038,26.437510353,0.151367288,0.001989728,0,0,0.000201146,2.837502285,0.00109388,0,0.020191748,0.000004184,0.005362719,,cf66c415-12a3-4bfd-9d22-bc7da3fd0087,COMPONENT_LIFECYCLE_STEP
a48f65a9-8c9e-4eb4-9191-c4ad17bf364e,2615839001,DEFAULT,,MAIN FABRIC (WOVEN),2615839001_MAIN_FABRIC,2615839001_MAIN_FABRIC,,,,DYEING,2.022500548,8.885210255,0.085749984,0.013126247,0.000000012,0.025204,0.000000177,20.808382274,0,0.001988349,0.000000001,0,0,134.654223046,0.000745002,0,0.020897475,0.000000875,0.006044161,,cf66c415-12a3-4bfd-9d22-bc7da3fd0087,COMPONENT_LIFECYCLE_STEP
a48f65a9-8c9e-4eb4-9191-c4ad17bf364e,2615839001,DEFAULT,,MAIN FABRIC (WOVEN),2615839001_MAIN_FABRIC,2615839001_MAIN_FABRIC,,1,REGENERATIVE COTTON,MATERIAL IMPACT,0.386943389,396.10604676,18.337490697,0.017453595,0.000000001,0.002136095,0.000000112,0.94042119,0,0.046273073,0,0,0,2.994504141,0.006905388,0,0.079190489,0.000000521,0.002425323,0f34cfe5-cf68-4341-928a-ead80ff0e347,cf66c415-12a3-4bfd-9d22-bc7da3fd0087,MATERIAL_IMPACT
a48f65a9-8c9e-4eb4-9191-c4ad17bf364e,2615839001,DEFAULT,,MAIN FABRIC (WOVEN),2615839001_MAIN_FABRIC,2615839001_MAIN_FABRIC,,1,REGENERATIVE COTTON,HARVESTING,0,0,0,0,0,0,0,0,0,0,0,0,0,0,0,0,0,0,0,0f34cfe5-cf68-4341-928a-ead80ff0e347,cf66c415-12a3-4bfd-9d22-bc7da3fd0087,MATERIAL_LIFECYCLE_STEP
a48f65a9-8c9e-4eb4-9191-c4ad17bf364e,2615839001,DEFAULT,,MAIN FABRIC (WOVEN),2615839001_MAIN_FABRIC,2615839001_MAIN_FABRIC,,1,REGENERATIVE COTTON,RAW_MATERIAL_MODEL,0.386943389,396.10604676,18.337490697,0.017453595,0.000000001,0.002136095,0.000000112,0.94042119,0,0.046273073,0,0,0,2.994504141,0.006905388,0,0.079190489,0.000000521,0.002425323,0f34cfe5-cf68-4341-928a-ead80ff0e347,cf66c415-12a3-4bfd-9d22-bc7da3fd0087,MATERIAL_LIFECYCLE_STEP
a48f65a9-8c9e-4eb4-9191-c4ad17bf364e,2615839001,DEFAULT,,MAIN FABRIC (WOVEN),2615839001_MAIN_FABRIC,2615839001_MAIN_FABRIC,,1,REGENERATIVE COTTON,PREPARATION,0,0,0,0,0,0,0,0,0,0,0,0,0,0,0,0,0,0,0,0f34cfe5-cf68-4341-928a-ead80ff0e347,cf66c415-12a3-4bfd-9d22-bc7da3fd0087,MATERIAL_LIFECYCLE_STEP
aa5e0325-f777-4b40-a22e-7901a9590ed2,2616434001,DEFAULT,CHOICE_PLOT_357,,,,182,,,PRODUCT IMPACT,4.249197515,209.196378828,9.526684576,0.0312632,0.000000037,1.314037508,0.000000221,71.257895846,0.242119606,0.028108578,0.000000001,0,0.000101129,73.953572984,0.005167674,0,0.089256327,0.000005825,0.013696939,,,PRODUCT_IMPACT
aa5e0325-f777-4b40-a22e-7901a9590ed2,2616434001,DEFAULT,,,,,,,,END_OF_LIFE,0.211834971,0.000239621,0,0.000074277,0,-0.025608371,0.000000001,-0.21753233,0,0.000127585,0,0,0,0,0.000001625,0,0.000446836,0.00000001,0.000187889,,,PRODUCT_LIFECYCLE_STEP
aa5e0325-f777-4b40-a22e-7901a9590ed2,2616434001,DEFAULT,,,,,,,,USE_PHASE,0.183023649,0.820078254,0.051586787,0.000781644,0.000000007,1.240604882,0.000000011,27.297679704,0,0.000231819,0,0,0,1.065233214,0.000036121,0,0.001711141,0.000001485,0.000428443,,,PRODUCT_LIFECYCLE_STEP
aa5e0325-f777-4b40-a22e-7901a9590ed2,2616434001,DEFAULT,,,,,,,,DISTRIBUTION,0.024531325,0,0,0.000153508,0,0.002981479,0.000000002,0.36449322,0,0.000077519,0,0,0,0,0.000000009,0,0.000809744,0.000000082,0.000152695,,,PRODUCT_LIFECYCLE_STEP
aa5e0325-f777-4b40-a22e-7901a9590ed2,2616434001,DEFAULT,,,,,,,,WAREHOUSE,0,0,0,0,0,0,0,0,0,0,0,0,0,0,0,0,0,0,0,,,PRODUCT_LIFECYCLE_STEP
aa5e0325-f777-4b40-a22e-7901a9590ed2,2616434001,DEFAULT,,,,,,,,PRODUCT_TRANSPORT,0.070873035,0.026188027,0.000894908,0.001356305,0,0.00308583,0.000000007,0.949373742,0.041943982,0.000423552,0,0,0,0.182758794,0.000001009,0,0.004693783,0.000000141,0.001055953,,,PRODUCT_LIFECYCLE_STEP
aa5e0325-f777-4b40-a22e-7901a9590ed2,2616434001,DEFAULT,,,,,,,,MANUFACTURING,0.551370298,0.935351683,0.049723229,0.002718689,0.000000004,0.012534806,0.000000008,6.690269664,0,0.000542048,0,0,0,0.822334385,0.000290372,0,0.005660386,0.000000384,0.001465547,,,PRODUCT_LIFECYCLE_STEP
aa5e0325-f777-4b40-a22e-7901a9590ed2,2616434001,DEFAULT,,MAIN FABRIC (WOVEN),2616434001_MAIN_FABRIC,2616434001_MAIN_FABRIC_REANALYSIS,182,,,COMPONENT IMPACT,3.207564238,207.414521242,9.424479653,0.026178777,0.000000025,0.080438882,0.000000193,36.173611846,0.200175624,0.026706055,0.000000001,0,0.000101129,71.883246592,0.004838537,0,0.075934437,0.000003724,0.010406412,,3f3efa9d-46f1-4942-afdf-24af95844bd7,COMPONENT_IMPACT
aa5e0325-f777-4b40-a22e-7901a9590ed2,2616434001,DEFAULT,,MAIN FABRIC (WOVEN),2616434001_MAIN_FABRIC,2616434001_MAIN_FABRIC_REANALYSIS,,,,COMPONENT_TRANSPORT,0.124073838,0,0,0.001460869,0,0.008625133,0.000000017,1.761048023,0.124073838,0.000616367,0,0,0,0,0.000000139,0,0.006844073,0.000000334,0.001220726,,3f3efa9d-46f1-4942-afdf-24af95844bd7,COMPONENT_LIFECYCLE_STEP
aa5e0325-f777-4b40-a22e-7901a9590ed2,2616434001,DEFAULT,,MAIN FABRIC (WOVEN),2616434001_MAIN_FABRIC,2616434001_MAIN_FABRIC_REANALYSIS,,,,WEAVING,0.610488456,1.659897043,0.048191625,0.003122713,0.000000009,0.029386522,0.000000013,8.169667895,0.076101786,0.000585365,0,0,0.000101129,0.797004365,0.000327651,0,0.00581802,0.00000181,0.00157414,,3f3efa9d-46f1-4942-afdf-24af95844bd7,COMPONENT_LIFECYCLE_STEP
aa5e0325-f777-4b40-a22e-7901a9590ed2,2616434001,DEFAULT,,MAIN FABRIC (WOVEN),2616434001_MAIN_FABRIC,2616434001_MAIN_FABRIC_REANALYSIS,,,,SPINNING,1.261624053,2.140235313,0.113774757,0.006220799,0.000000009,0.028681655,0.000000017,15.308414628,0,0.001240293,0,0,0,1.88163353,0.000664418,0,0.012951876,0.000000878,0.003353407,,3f3efa9d-46f1-4942-afdf-24af95844bd7,COMPONENT_LIFECYCLE_STEP
aa5e0325-f777-4b40-a22e-7901a9590ed2,2616434001,DEFAULT,,MAIN FABRIC (WOVEN),2616434001_MAIN_FABRIC,2616434001_MAIN_FABRIC_REANALYSIS,,,,DYEING,1.016837292,4.467149907,0.043111871,0.006599384,0.000000006,0.012671624,0.000000089,10.461672856,0,0.000999667,0.000000001,0,0,67.699084515,0.000374559,0,0.010506465,0.00000044,0.003038777,,3f3efa9d-46f1-4942-afdf-24af95844bd7,COMPONENT_LIFECYCLE_STEP
aa5e0325-f777-4b40-a22e-7901a9590ed2,2616434001,DEFAULT,,MAIN FABRIC (WOVEN),2616434001_MAIN_FABRIC,2616434001_MAIN_FABRIC_REANALYSIS,,1,REGENERATIVE COTTON,MATERIAL IMPACT,0.194540599,199.147238979,9.2194014,0.008775012,0,0.001073948,0.000000056,0.472808443,0,0.023264363,0,0,0,1.505524181,0.00347177,0,0.039814003,0.000000262,0.001219361,0da5a44e-bf23-44e0-a636-d8df7bb43df4,3f3efa9d-46f1-4942-afdf-24af95844bd7,MATERIAL_IMPACT
aa5e0325-f777-4b40-a22e-7901a9590ed2,2616434001,DEFAULT,,MAIN FABRIC (WOVEN),2616434001_MAIN_FABRIC,2616434001_MAIN_FABRIC_REANALYSIS,,1,REGENERATIVE COTTON,HARVESTING,0,0,0,0,0,0,0,0,0,0,0,0,0,0,0,0,0,0,0,0da5a44e-bf23-44e0-a636-d8df7bb43df4,3f3efa9d-46f1-4942-afdf-24af95844bd7,MATERIAL_LIFECYCLE_STEP
aa5e0325-f777-4b40-a22e-7901a9590ed2,2616434001,DEFAULT,,MAIN FABRIC (WOVEN),2616434001_MAIN_FABRIC,2616434001_MAIN_FABRIC_REANALYSIS,,1,REGENERATIVE COTTON,PREPARATION,0,0,0,0,0,0,0,0,0,0,0,0,0,0,0,0,0,0,0,0da5a44e-bf23-44e0-a636-d8df7bb43df4,3f3efa9d-46f1-4942-afdf-24af95844bd7,MATERIAL_LIFECYCLE_STEP
aa5e0325-f777-4b40-a22e-7901a9590ed2,2616434001,DEFAULT,,MAIN FABRIC (WOVEN),2616434001_MAIN_FABRIC,2616434001_MAIN_FABRIC_REANALYSIS,,1,REGENERATIVE COTTON,RAW_MATERIAL_MODEL,0.194540599,199.147238979,9.2194014,0.008775012,0,0.001073948,0.000000056,0.472808443,0,0.023264363,0,0,0,1.505524181,0.00347177,0,0.039814003,0.000000262,0.001219361,0da5a44e-bf23-44e0-a636-d8df7bb43df4,3f3efa9d-46f1-4942-afdf-24af95844bd7,MATERIAL_LIFECYCLE_STEP
bf31600e-9254-4a77-a824-8b71fd68f135,2615727001,DEFAULT,CHOICE_PLOT_357,,,,362,,,PRODUCT IMPACT,8.528383571,415.61786241,18.913783529,0.062704224,0.000000066,1.142797677,0.00000043,112.797534903,0.481578557,0.055921869,0.000000002,0,0.000201146,146.264757642,0.01039054,0.000000001,0.178519828,0.000010023,0.027516254,,,PRODUCT_IMPACT
bf31600e-9254-4a77-a824-8b71fd68f135,2615727001,DEFAULT,,,,,,,,END_OF_LIFE,0.421685533,0.001853482,0,0.000148821,0,-0.050934633,0.000000001,-0.428232344,0,0.000254117,0,0,0,0,0.000003234,0,0.00089324,0.00000002,0.000374575,,,PRODUCT_LIFECYCLE_STEP
bf31600e-9254-4a77-a824-8b71fd68f135,2615727001,DEFAULT,,,,,,,,USE_PHASE,0.146059515,0.654452211,0.041168128,0.00062378,0.000000006,0.990047722,0.000000008,21.784539151,0,0.000185,0,0,0,0.850094766,0.000028826,0,0.001365552,0.000001185,0.000341913,,,PRODUCT_LIFECYCLE_STEP
bf31600e-9254-4a77-a824-8b71fd68f135,2615727001,DEFAULT,,,,,,,,DISTRIBUTION,0.048793075,0,0,0.000305329,0,0.005930194,0.000000004,0.72498102,0,0.000154186,0,0,0,0,0.000000018,0,0.00161059,0.000000162,0.000303713,,,PRODUCT_LIFECYCLE_STEP
bf31600e-9254-4a77-a824-8b71fd68f135,2615727001,DEFAULT,,,,,,,,WAREHOUSE,0,0,0,0,0,0,0,0,0,0,0,0,0,0,0,0,0,0,0,,,PRODUCT_LIFECYCLE_STEP
bf31600e-9254-4a77-a824-8b71fd68f135,2615727001,DEFAULT,,,,,,,,PRODUCT_TRANSPORT,0.140967245,0.052088274,0.001779982,0.002697705,0.000000001,0.00613775,0.000000013,1.888314806,0.083427041,0.00084245,0,0,0,0.36350925,0.000002007,0,0.009335987,0.00000028,0.002100302,,,PRODUCT_LIFECYCLE_STEP
bf31600e-9254-4a77-a824-8b71fd68f135,2615727001,DEFAULT,,,,,,,,MANUFACTURING,0.551370298,0.935351683,0.049723229,0.002718689,0.000000004,0.012534806,0.000000008,6.690269664,0,0.000542048,0,0,0,0.822334385,0.000290372,0,0.005660386,0.000000384,0.001465547,,,PRODUCT_LIFECYCLE_STEP
bf31600e-9254-4a77-a824-8b71fd68f135,2615727001,DEFAULT,,MAIN FABRIC (WOVEN),2615727001_MAIN FABRIC_REANALYSIS,2615727001_MAIN FABRIC_REANALYSIS,271.5,,,COMPONENT IMPACT,5.414630929,310.480587571,14.115834143,0.042157425,0.000000041,0.134311379,0.000000297,61.603246955,0.298613637,0.040458051,0.000000001,0,0.000150859,108.171614431,0.007549561,0.000000001,0.119740554,0.000005994,0.017197653,,0e1fd20b-72e9-4a7a-a484-de43713ec8df,COMPONENT_IMPACT
bf31600e-9254-4a77-a824-8b71fd68f135,2615727001,DEFAULT,,MAIN FABRIC (WOVEN),2615727001_MAIN FABRIC_REANALYSIS,2615727001_MAIN FABRIC_REANALYSIS,,,,COMPONENT_TRANSPORT,0.18508817,0,0,0.002179264,0,0.012866613,0.000000026,2.627057903,0.18508817,0.00091947,0,0,0,0,0.000000207,0,0.010209702,0.000000499,0.001821029,,0e1fd20b-72e9-4a7a-a484-de43713ec8df,COMPONENT_LIFECYCLE_STEP
bf31600e-9254-4a77-a824-8b71fd68f135,2615727001,DEFAULT,,MAIN FABRIC (WOVEN),2615727001_MAIN FABRIC_REANALYSIS,2615727001_MAIN FABRIC_REANALYSIS,,,,WEAVING,1.540421728,3.544431142,0.128679201,0.007763351,0.000000018,0.0581536,0.000000029,19.828132765,0.113525466,0.001492296,0,0,0.000150859,2.128126714,0.00082041,0,0.015143811,0.000003138,0.004022039,,0e1fd20b-72e9-4a7a-a484-de43713ec8df,COMPONENT_LIFECYCLE_STEP
bf31600e-9254-4a77-a824-8b71fd68f135,2615727001,DEFAULT,,MAIN FABRIC (WOVEN),2615727001_MAIN FABRIC_REANALYSIS,2615727001_MAIN FABRIC_REANALYSIS,,,,SPINNING,1.882038079,3.192713668,0.169724431,0.009279928,0.000000014,0.042786095,0.000000026,22.836453689,0,0.001850218,0,0,0,2.806942327,0.000991151,0,0.019321068,0.00000131,0.005002473,,0e1fd20b-72e9-4a7a-a484-de43713ec8df,COMPONENT_LIFECYCLE_STEP
bf31600e-9254-4a77-a824-8b71fd68f135,2615727001,DEFAULT,,MAIN FABRIC (WOVEN),2615727001_MAIN FABRIC_REANALYSIS,2615727001_MAIN FABRIC_REANALYSIS,,,,DYEING,1.516875411,6.663907691,0.064312488,0.009844685,0.000000009,0.018903,0.000000132,15.606286705,0,0.001491262,0.000000001,0,0,100.990667285,0.000558752,0,0.015673106,0.000000656,0.004533121,,0e1fd20b-72e9-4a7a-a484-de43713ec8df,COMPONENT_LIFECYCLE_STEP
bf31600e-9254-4a77-a824-8b71fd68f135,2615727001,DEFAULT,,MAIN FABRIC (WOVEN),2615727001_MAIN FABRIC_REANALYSIS,2615727001_MAIN FABRIC_REANALYSIS,,1,REGENERATIVE COTTON,MATERIAL IMPACT,0.290207541,297.07953507,13.753118023,0.013090196,0,0.001602071,0.000000084,0.705315892,0,0.034704805,0,0,0,2.245878106,0.005179041,0,0.059392867,0.00000039,0.001818992,f4ca8ab8-b2e0-4f87-9f25-41c02f639e08,0e1fd20b-72e9-4a7a-a484-de43713ec8df,MATERIAL_IMPACT
bf31600e-9254-4a77-a824-8b71fd68f135,2615727001,DEFAULT,,MAIN FABRIC (WOVEN),2615727001_MAIN FABRIC_REANALYSIS,2615727001_MAIN FABRIC_REANALYSIS,,1,REGENERATIVE COTTON,PREPARATION,0,0,0,0,0,0,0,0,0,0,0,0,0,0,0,0,0,0,0,f4ca8ab8-b2e0-4f87-9f25-41c02f639e08,0e1fd20b-72e9-4a7a-a484-de43713ec8df,MATERIAL_LIFECYCLE_STEP
bf31600e-9254-4a77-a824-8b71fd68f135,2615727001,DEFAULT,,MAIN FABRIC (WOVEN),2615727001_MAIN FABRIC_REANALYSIS,2615727001_MAIN FABRIC_REANALYSIS,,1,REGENERATIVE COTTON,RAW_MATERIAL_MODEL,0.290207541,297.07953507,13.753118023,0.013090196,0,0.001602071,0.000000084,0.705315892,0,0.034704805,0,0,0,2.245878106,0.005179041,0,0.059392867,0.00000039,0.001818992,f4ca8ab8-b2e0-4f87-9f25-41c02f639e08,0e1fd20b-72e9-4a7a-a484-de43713ec8df,MATERIAL_LIFECYCLE_STEP
bf31600e-9254-4a77-a824-8b71fd68f135,2615727001,DEFAULT,,MAIN FABRIC (WOVEN),2615727001_MAIN FABRIC_REANALYSIS,2615727001_MAIN FABRIC_REANALYSIS,,1,REGENERATIVE COTTON,HARVESTING,0,0,0,0,0,0,0,0,0,0,0,0,0,0,0,0,0,0,0,f4ca8ab8-b2e0-4f87-9f25-41c02f639e08,0e1fd20b-72e9-4a7a-a484-de43713ec8df,MATERIAL_LIFECYCLE_STEP
bf31600e-9254-4a77-a824-8b71fd68f135,2615727001,DEFAULT,,LININGS,2615727001_LININGS_REANALYSIS,2615727001_LININGS_REANALYSIS,90.5,,,COMPONENT IMPACT,1.804876976,103.49352919,4.705278048,0.014052475,0.000000014,0.04477046,0.000000099,20.534415652,0.099537879,0.013486017,0,0,0.000050286,36.05720481,0.00251652,0,0.039913518,0.000001998,0.005732551,,b28d5f8f-ffbf-45ed-87ad-f9326575a8c4,COMPONENT_IMPACT
bf31600e-9254-4a77-a824-8b71fd68f135,2615727001,DEFAULT,,LININGS,2615727001_LININGS_REANALYSIS,2615727001_LININGS_REANALYSIS,,,,WEAVING,0.513473909,1.181477047,0.042893067,0.002587784,0.000000006,0.019384533,0.00000001,6.609377588,0.037841822,0.000497432,0,0,0.000050286,0.709375571,0.00027347,0,0.005047937,0.000001046,0.00134068,,b28d5f8f-ffbf-45ed-87ad-f9326575a8c4,COMPONENT_LIFECYCLE_STEP
bf31600e-9254-4a77-a824-8b71fd68f135,2615727001,DEFAULT,,LININGS,2615727001_LININGS_REANALYSIS,2615727001_LININGS_REANALYSIS,,,,DYEING,0.505625137,2.221302564,0.021437496,0.003281562,0.000000003,0.006301,0.000000044,5.202095568,0,0.000497087,0,0,0,33.663555762,0.000186251,0,0.005224369,0.000000219,0.00151104,,b28d5f8f-ffbf-45ed-87ad-f9326575a8c4,COMPONENT_LIFECYCLE_STEP
bf31600e-9254-4a77-a824-8b71fd68f135,2615727001,DEFAULT,,LININGS,2615727001_LININGS_REANALYSIS,2615727001_LININGS_REANALYSIS,,,,SPINNING,0.627346026,1.064237889,0.05657481,0.003093309,0.000000005,0.014262032,0.000000009,7.61215123,0,0.000616739,0,0,0,0.935647442,0.000330384,0,0.006440356,0.000000437,0.001667491,,b28d5f8f-ffbf-45ed-87ad-f9326575a8c4,COMPONENT_LIFECYCLE_STEP
bf31600e-9254-4a77-a824-8b71fd68f135,2615727001,DEFAULT,,LININGS,2615727001_LININGS_REANALYSIS,2615727001_LININGS_REANALYSIS,,,,COMPONENT_TRANSPORT,0.061696057,0,0,0.000726421,0,0.004288871,0.000000009,0.875685968,0.061696057,0.00030649,0,0,0,0,0.000000069,0,0.003403234,0.000000166,0.00060701,,b28d5f8f-ffbf-45ed-87ad-f9326575a8c4,COMPONENT_LIFECYCLE_STEP
bf31600e-9254-4a77-a824-8b71fd68f135,2615727001,DEFAULT,,LININGS,2615727001_LININGS_REANALYSIS,2615727001_LININGS_REANALYSIS,,1,REGENERATIVE COTTON,MATERIAL IMPACT,0.096735847,99.02651169,4.584372674,0.004363399,0,0.000534024,0.000000028,0.235105297,0,0.011568268,0,0,0,0.748626035,0.001726347,0,0.019797622,0.00000013,0.000606331,a22cc0f1-4088-4073-883d-5961a505142e,b28d5f8f-ffbf-45ed-87ad-f9326575a8c4,MATERIAL_IMPACT
bf31600e-9254-4a77-a824-8b71fd68f135,2615727001,DEFAULT,,LININGS,2615727001_LININGS_REANALYSIS,2615727001_LININGS_REANALYSIS,,1,REGENERATIVE COTTON,HARVESTING,0,0,0,0,0,0,0,0,0,0,0,0,0,0,0,0,0,0,0,a22cc0f1-4088-4073-883d-5961a505142e,b28d5f8f-ffbf-45ed-87ad-f9326575a8c4,MATERIAL_LIFECYCLE_STEP
bf31600e-9254-4a77-a824-8b71fd68f135,2615727001,DEFAULT,,LININGS,2615727001_LININGS_REANALYSIS,2615727001_LININGS_REANALYSIS,,1,REGENERATIVE COTTON,PREPARATION,0,0,0,0,0,0,0,0,0,0,0,0,0,0,0,0,0,0,0,a22cc0f1-4088-4073-883d-5961a505142e,b28d5f8f-ffbf-45ed-87ad-f9326575a8c4,MATERIAL_LIFECYCLE_STEP
bf31600e-9254-4a77-a824-8b71fd68f135,2615727001,DEFAULT,,LININGS,2615727001_LININGS_REANALYSIS,2615727001_LININGS_REANALYSIS,,1,REGENERATIVE COTTON,RAW_MATERIAL_MODEL,0.096735847,99.02651169,4.584372674,0.004363399,0,0.000534024,0.000000028,0.235105297,0,0.011568268,0,0,0,0.748626035,0.001726347,0,0.019797622,0.00000013,0.000606331,a22cc0f1-4088-4073-883d-5961a505142e,b28d5f8f-ffbf-45ed-87ad-f9326575a8c4,MATERIAL_LIFECYCLE_STEP
cfc1ca61-801f-4ef5-a2df-4b763256556c,2615838003,DEFAULT,CHOICE_PLOT_357,,,,362,,,PRODUCT IMPACT,8.898012959,417.474837857,18.925324377,0.065237957,0.000000068,1.146515934,0.000000469,116.440912585,0.481578557,0.056285259,0.000000002,0,0.000201146,147.103702208,0.010513012,0.000000001,0.182344767,0.00001016,0.028649443,,,PRODUCT_IMPACT
cfc1ca61-801f-4ef5-a2df-4b763256556c,2615838003,DEFAULT,,,,,,,,END_OF_LIFE,0.421685533,0.001853482,0,0.000148821,0,-0.050934633,0.000000001,-0.428232344,0,0.000254117,0,0,0,0,0.000003234,0,0.00089324,0.00000002,0.000374575,,,PRODUCT_LIFECYCLE_STEP
cfc1ca61-801f-4ef5-a2df-4b763256556c,2615838003,DEFAULT,,,,,,,,USE_PHASE,0.146059515,0.654452211,0.041168128,0.00062378,0.000000006,0.990047722,0.000000008,21.784539151,0,0.000185,0,0,0,0.850094766,0.000028826,0,0.001365552,0.000001185,0.000341913,,,PRODUCT_LIFECYCLE_STEP
cfc1ca61-801f-4ef5-a2df-4b763256556c,2615838003,DEFAULT,,,,,,,,DISTRIBUTION,0.048793075,0,0,0.000305329,0,0.005930194,0.000000004,0.72498102,0,0.000154186,0,0,0,0,0.000000018,0,0.00161059,0.000000162,0.000303713,,,PRODUCT_LIFECYCLE_STEP
cfc1ca61-801f-4ef5-a2df-4b763256556c,2615838003,DEFAULT,,,,,,,,WAREHOUSE,0,0,0,0,0,0,0,0,0,0,0,0,0,0,0,0,0,0,0,,,PRODUCT_LIFECYCLE_STEP
cfc1ca61-801f-4ef5-a2df-4b763256556c,2615838003,DEFAULT,,,,,,,,PRODUCT_TRANSPORT,0.140967245,0.052088274,0.001779982,0.002697705,0.000000001,0.00613775,0.000000013,1.888314806,0.083427041,0.00084245,0,0,0,0.36350925,0.000002007,0,0.009335987,0.00000028,0.002100302,,,PRODUCT_LIFECYCLE_STEP
cfc1ca61-801f-4ef5-a2df-4b763256556c,2615838003,DEFAULT,,,,,,,,MANUFACTURING,0.551370298,0.935351683,0.049723229,0.002718689,0.000000004,0.012534806,0.000000008,6.690269664,0,0.000542048,0,0,0,0.822334385,0.000290372,0,0.005660386,0.000000384,0.001465547,,,PRODUCT_LIFECYCLE_STEP
cfc1ca61-801f-4ef5-a2df-4b763256556c,2615838003,DEFAULT,,LININGS,2615838003_MAIN_FABRIC,2615838003_LININGS_REANALYSIS,90.5,,,COMPONENT IMPACT,1.804876976,103.49352919,4.705278048,0.014052475,0.000000014,0.04477046,0.000000099,20.534415652,0.099537879,0.013486017,0,0,0.000050286,36.05720481,0.00251652,0,0.039913518,0.000001998,0.005732551,,202f9fe1-499f-41d5-ab5a-f800b8457055,COMPONENT_IMPACT
cfc1ca61-801f-4ef5-a2df-4b763256556c,2615838003,DEFAULT,,LININGS,2615838003_MAIN_FABRIC,2615838003_LININGS_REANALYSIS,,,,SPINNING,0.627346026,1.064237889,0.05657481,0.003093309,0.000000005,0.014262032,0.000000009,7.61215123,0,0.000616739,0,0,0,0.935647442,0.000330384,0,0.006440356,0.000000437,0.001667491,,202f9fe1-499f-41d5-ab5a-f800b8457055,COMPONENT_LIFECYCLE_STEP
cfc1ca61-801f-4ef5-a2df-4b763256556c,2615838003,DEFAULT,,LININGS,2615838003_MAIN_FABRIC,2615838003_LININGS_REANALYSIS,,,,WEAVING,0.513473909,1.181477047,0.042893067,0.002587784,0.000000006,0.019384533,0.00000001,6.609377588,0.037841822,0.000497432,0,0,0.000050286,0.709375571,0.00027347,0,0.005047937,0.000001046,0.00134068,,202f9fe1-499f-41d5-ab5a-f800b8457055,COMPONENT_LIFECYCLE_STEP
cfc1ca61-801f-4ef5-a2df-4b763256556c,2615838003,DEFAULT,,LININGS,2615838003_MAIN_FABRIC,2615838003_LININGS_REANALYSIS,,,,DYEING,0.505625137,2.221302564,0.021437496,0.003281562,0.000000003,0.006301,0.000000044,5.202095568,0,0.000497087,0,0,0,33.663555762,0.000186251,0,0.005224369,0.000000219,0.00151104,,202f9fe1-499f-41d5-ab5a-f800b8457055,COMPONENT_LIFECYCLE_STEP
cfc1ca61-801f-4ef5-a2df-4b763256556c,2615838003,DEFAULT,,LININGS,2615838003_MAIN_FABRIC,2615838003_LININGS_REANALYSIS,,,,COMPONENT_TRANSPORT,0.061696057,0,0,0.000726421,0,0.004288871,0.000000009,0.875685968,0.061696057,0.00030649,0,0,0,0,0.000000069,0,0.003403234,0.000000166,0.00060701,,202f9fe1-499f-41d5-ab5a-f800b8457055,COMPONENT_LIFECYCLE_STEP
cfc1ca61-801f-4ef5-a2df-4b763256556c,2615838003,DEFAULT,,LININGS,2615838003_MAIN_FABRIC,2615838003_LININGS_REANALYSIS,,1,REGENERATIVE COTTON,MATERIAL IMPACT,0.096735847,99.02651169,4.584372674,0.004363399,0,0.000534024,0.000000028,0.235105297,0,0.011568268,0,0,0,0.748626035,0.001726347,0,0.019797622,0.00000013,0.000606331,ba317a29-f43c-4ab0-ba89-e92696dd2f0c,202f9fe1-499f-41d5-ab5a-f800b8457055,MATERIAL_IMPACT
cfc1ca61-801f-4ef5-a2df-4b763256556c,2615838003,DEFAULT,,LININGS,2615838003_MAIN_FABRIC,2615838003_LININGS_REANALYSIS,,1,REGENERATIVE COTTON,HARVESTING,0,0,0,0,0,0,0,0,0,0,0,0,0,0,0,0,0,0,0,ba317a29-f43c-4ab0-ba89-e92696dd2f0c,202f9fe1-499f-41d5-ab5a-f800b8457055,MATERIAL_LIFECYCLE_STEP
cfc1ca61-801f-4ef5-a2df-4b763256556c,2615838003,DEFAULT,,LININGS,2615838003_MAIN_FABRIC,2615838003_LININGS_REANALYSIS,,1,REGENERATIVE COTTON,PREPARATION,0,0,0,0,0,0,0,0,0,0,0,0,0,0,0,0,0,0,0,ba317a29-f43c-4ab0-ba89-e92696dd2f0c,202f9fe1-499f-41d5-ab5a-f800b8457055,MATERIAL_LIFECYCLE_STEP
cfc1ca61-801f-4ef5-a2df-4b763256556c,2615838003,DEFAULT,,LININGS,2615838003_MAIN_FABRIC,2615838003_LININGS_REANALYSIS,,1,REGENERATIVE COTTON,RAW_MATERIAL_MODEL,0.096735847,99.02651169,4.584372674,0.004363399,0,0.000534024,0.000000028,0.235105297,0,0.011568268,0,0,0,0.748626035,0.001726347,0,0.019797622,0.00000013,0.000606331,ba317a29-f43c-4ab0-ba89-e92696dd2f0c,202f9fe1-499f-41d5-ab5a-f800b8457055,MATERIAL_LIFECYCLE_STEP
cfc1ca61-801f-4ef5-a2df-4b763256556c,2615838003,DEFAULT,,MAIN FABRIC (WOVEN),2615838003_MAIN_FABRIC,2615838003_MAIN_FABRIC_REANALYSIS,271.5,,,COMPONENT IMPACT,5.784260317,312.337563017,14.12737499,0.044691157,0.000000043,0.138029637,0.000000336,65.246624636,0.298613637,0.040821441,0.000000002,0,0.000150859,109.010558997,0.007672034,0.000000001,0.123565493,0.000006131,0.018330842,,fd19fb74-cc9e-454c-a00e-376034a40c83,COMPONENT_IMPACT
cfc1ca61-801f-4ef5-a2df-4b763256556c,2615838003,DEFAULT,,MAIN FABRIC (WOVEN),2615838003_MAIN_FABRIC,2615838003_MAIN_FABRIC_REANALYSIS,,,,WEAVING,1.540421728,3.544431142,0.128679201,0.007763351,0.000000018,0.0581536,0.000000029,19.828132765,0.113525466,0.001492296,0,0,0.000150859,2.128126714,0.00082041,0,0.015143811,0.000003138,0.004022039,,fd19fb74-cc9e-454c-a00e-376034a40c83,COMPONENT_LIFECYCLE_STEP
cfc1ca61-801f-4ef5-a2df-4b763256556c,2615838003,DEFAULT,,MAIN FABRIC (WOVEN),2615838003_MAIN_FABRIC,2615838003_MAIN_FABRIC_REANALYSIS,,,,SPINNING,1.882038079,3.192713668,0.169724431,0.009279928,0.000000014,0.042786095,0.000000026,22.836453689,0,0.001850218,0,0,0,2.806942327,0.000991151,0,0.019321068,0.00000131,0.005002473,,fd19fb74-cc9e-454c-a00e-376034a40c83,COMPONENT_LIFECYCLE_STEP
cfc1ca61-801f-4ef5-a2df-4b763256556c,2615838003,DEFAULT,,MAIN FABRIC (WOVEN),2615838003_MAIN_FABRIC,2615838003_MAIN_FABRIC_REANALYSIS,,,,COMPONENT_TRANSPORT,0.18508817,0,0,0.002179264,0,0.012866613,0.000000026,2.627057903,0.18508817,0.00091947,0,0,0,0,0.000000207,0,0.010209702,0.000000499,0.001821029,,fd19fb74-cc9e-454c-a00e-376034a40c83,COMPONENT_LIFECYCLE_STEP
cfc1ca61-801f-4ef5-a2df-4b763256556c,2615838003,DEFAULT,,MAIN FABRIC (WOVEN),2615838003_MAIN_FABRIC,2615838003_MAIN_FABRIC_REANALYSIS,,,,DYEING,1.886504799,8.520883138,0.075853336,0.012378418,0.000000011,0.022621258,0.000000171,19.249664387,0,0.001854652,0.000000001,0,0,101.829611851,0.000681225,0,0.019498045,0.000000793,0.00566631,,fd19fb74-cc9e-454c-a00e-376034a40c83,COMPONENT_LIFECYCLE_STEP
cfc1ca61-801f-4ef5-a2df-4b763256556c,2615838003,DEFAULT,,MAIN FABRIC (WOVEN),2615838003_MAIN_FABRIC,2615838003_MAIN_FABRIC_REANALYSIS,,1,REGENERATIVE COTTON,MATERIAL IMPACT,0.290207541,297.07953507,13.753118023,0.013090196,0,0.001602071,0.000000084,0.705315892,0,0.034704805,0,0,0,2.245878106,0.005179041,0,0.059392867,0.00000039,0.001818992,42e045ef-43ca-4014-9e01-5a352617b16a,fd19fb74-cc9e-454c-a00e-376034a40c83,MATERIAL_IMPACT
cfc1ca61-801f-4ef5-a2df-4b763256556c,2615838003,DEFAULT,,MAIN FABRIC (WOVEN),2615838003_MAIN_FABRIC,2615838003_MAIN_FABRIC_REANALYSIS,,1,REGENERATIVE COTTON,RAW_MATERIAL_MODEL,0.290207541,297.07953507,13.753118023,0.013090196,0,0.001602071,0.000000084,0.705315892,0,0.034704805,0,0,0,2.245878106,0.005179041,0,0.059392867,0.00000039,0.001818992,42e045ef-43ca-4014-9e01-5a352617b16a,fd19fb74-cc9e-454c-a00e-376034a40c83,MATERIAL_LIFECYCLE_STEP
cfc1ca61-801f-4ef5-a2df-4b763256556c,2615838003,DEFAULT,,MAIN FABRIC (WOVEN),2615838003_MAIN_FABRIC,2615838003_MAIN_FABRIC_REANALYSIS,,1,REGENERATIVE COTTON,PREPARATION,0,0,0,0,0,0,0,0,0,0,0,0,0,0,0,0,0,0,0,42e045ef-43ca-4014-9e01-5a352617b16a,fd19fb74-cc9e-454c-a00e-376034a40c83,MATERIAL_LIFECYCLE_STEP
cfc1ca61-801f-4ef5-a2df-4b763256556c,2615838003,DEFAULT,,MAIN FABRIC (WOVEN),2615838003_MAIN_FABRIC,2615838003_MAIN_FABRIC_REANALYSIS,,1,REGENERATIVE COTTON,HARVESTING,0,0,0,0,0,0,0,0,0,0,0,0,0,0,0,0,0,0,0,42e045ef-43ca-4014-9e01-5a352617b16a,fd19fb74-cc9e-454c-a00e-376034a40c83,MATERIAL_LIFECYCLE_STEP
d0d6ccb1-6236-4287-bc7b-0187194bbef0,2615838001,DEFAULT,CHOICE_PLOT_357,,,,362,,,PRODUCT IMPACT,9.021222755,418.093829673,18.929171326,0.066082534,0.000000069,1.147755353,0.000000482,117.655371812,0.481578557,0.056406389,0.000000002,0,0.000201146,147.383350397,0.010553837,0.000000001,0.183619746,0.000010206,0.029027172,,,PRODUCT_IMPACT
d0d6ccb1-6236-4287-bc7b-0187194bbef0,2615838001,DEFAULT,,,,,,,,END_OF_LIFE,0.421685533,0.001853482,0,0.000148821,0,-0.050934633,0.000000001,-0.428232344,0,0.000254117,0,0,0,0,0.000003234,0,0.00089324,0.00000002,0.000374575,,,PRODUCT_LIFECYCLE_STEP
d0d6ccb1-6236-4287-bc7b-0187194bbef0,2615838001,DEFAULT,,,,,,,,USE_PHASE,0.146059515,0.654452211,0.041168128,0.00062378,0.000000006,0.990047722,0.000000008,21.784539151,0,0.000185,0,0,0,0.850094766,0.000028826,0,0.001365552,0.000001185,0.000341913,,,PRODUCT_LIFECYCLE_STEP
d0d6ccb1-6236-4287-bc7b-0187194bbef0,2615838001,DEFAULT,,,,,,,,DISTRIBUTION,0.048793075,0,0,0.000305329,0,0.005930194,0.000000004,0.72498102,0,0.000154186,0,0,0,0,0.000000018,0,0.00161059,0.000000162,0.000303713,,,PRODUCT_LIFECYCLE_STEP
d0d6ccb1-6236-4287-bc7b-0187194bbef0,2615838001,DEFAULT,,,,,,,,WAREHOUSE,0,0,0,0,0,0,0,0,0,0,0,0,0,0,0,0,0,0,0,,,PRODUCT_LIFECYCLE_STEP
d0d6ccb1-6236-4287-bc7b-0187194bbef0,2615838001,DEFAULT,,,,,,,,PRODUCT_TRANSPORT,0.140967245,0.052088274,0.001779982,0.002697705,0.000000001,0.00613775,0.000000013,1.888314806,0.083427041,0.00084245,0,0,0,0.36350925,0.000002007,0,0.009335987,0.00000028,0.002100302,,,PRODUCT_LIFECYCLE_STEP
d0d6ccb1-6236-4287-bc7b-0187194bbef0,2615838001,DEFAULT,,,,,,,,MANUFACTURING,0.551370298,0.935351683,0.049723229,0.002718689,0.000000004,0.012534806,0.000000008,6.690269664,0,0.000542048,0,0,0,0.822334385,0.000290372,0,0.005660386,0.000000384,0.001465547,,,PRODUCT_LIFECYCLE_STEP
d0d6ccb1-6236-4287-bc7b-0187194bbef0,2615838001,DEFAULT,,LININGS,2615838001_MAIN_FABRIC,2615838001_LININGS_REANALYSIS,90.5,,,COMPONENT IMPACT,1.928086772,104.112521006,4.709124997,0.014897052,0.000000014,0.046009879,0.000000112,21.748874879,0.099537879,0.013607147,0.000000001,0,0.000050286,36.336852999,0.002557345,0,0.041188498,0.000002044,0.006110281,,a7051ea6-602c-41a7-8471-1e1efd4cf34a,COMPONENT_IMPACT
d0d6ccb1-6236-4287-bc7b-0187194bbef0,2615838001,DEFAULT,,LININGS,2615838001_MAIN_FABRIC,2615838001_LININGS_REANALYSIS,,,,COMPONENT_TRANSPORT,0.061696057,0,0,0.000726421,0,0.004288871,0.000000009,0.875685968,0.061696057,0.00030649,0,0,0,0,0.000000069,0,0.003403234,0.000000166,0.00060701,,a7051ea6-602c-41a7-8471-1e1efd4cf34a,COMPONENT_LIFECYCLE_STEP
d0d6ccb1-6236-4287-bc7b-0187194bbef0,2615838001,DEFAULT,,LININGS,2615838001_MAIN_FABRIC,2615838001_LININGS_REANALYSIS,,,,SPINNING,0.627346026,1.064237889,0.05657481,0.003093309,0.000000005,0.014262032,0.000000009,7.61215123,0,0.000616739,0,0,0,0.935647442,0.000330384,0,0.006440356,0.000000437,0.001667491,,a7051ea6-602c-41a7-8471-1e1efd4cf34a,COMPONENT_LIFECYCLE_STEP
d0d6ccb1-6236-4287-bc7b-0187194bbef0,2615838001,DEFAULT,,LININGS,2615838001_MAIN_FABRIC,2615838001_LININGS_REANALYSIS,,,,WEAVING,0.513473909,1.181477047,0.042893067,0.002587784,0.000000006,0.019384533,0.00000001,6.609377588,0.037841822,0.000497432,0,0,0.000050286,0.709375571,0.00027347,0,0.005047937,0.000001046,0.00134068,,a7051ea6-602c-41a7-8471-1e1efd4cf34a,COMPONENT_LIFECYCLE_STEP
d0d6ccb1-6236-4287-bc7b-0187194bbef0,2615838001,DEFAULT,,LININGS,2615838001_MAIN_FABRIC,2615838001_LININGS_REANALYSIS,,,,DYEING,0.628834933,2.840294379,0.025284445,0.004126139,0.000000004,0.007540419,0.000000057,6.416554796,0,0.000618217,0,0,0,33.94320395,0.000227075,0,0.006499348,0.000000264,0.00188877,,a7051ea6-602c-41a7-8471-1e1efd4cf34a,COMPONENT_LIFECYCLE_STEP
d0d6ccb1-6236-4287-bc7b-0187194bbef0,2615838001,DEFAULT,,LININGS,2615838001_MAIN_FABRIC,2615838001_LININGS_REANALYSIS,,1,REGENERATIVE COTTON,MATERIAL IMPACT,0.096735847,99.02651169,4.584372674,0.004363399,0,0.000534024,0.000000028,0.235105297,0,0.011568268,0,0,0,0.748626035,0.001726347,0,0.019797622,0.00000013,0.000606331,6e24c15e-8010-42f7-acf9-01c9a9ef4a3e,a7051ea6-602c-41a7-8471-1e1efd4cf34a,MATERIAL_IMPACT
d0d6ccb1-6236-4287-bc7b-0187194bbef0,2615838001,DEFAULT,,LININGS,2615838001_MAIN_FABRIC,2615838001_LININGS_REANALYSIS,,1,REGENERATIVE COTTON,HARVESTING,0,0,0,0,0,0,0,0,0,0,0,0,0,0,0,0,0,0,0,6e24c15e-8010-42f7-acf9-01c9a9ef4a3e,a7051ea6-602c-41a7-8471-1e1efd4cf34a,MATERIAL_LIFECYCLE_STEP
d0d6ccb1-6236-4287-bc7b-0187194bbef0,2615838001,DEFAULT,,LININGS,2615838001_MAIN_FABRIC,2615838001_LININGS_REANALYSIS,,1,REGENERATIVE COTTON,RAW_MATERIAL_MODEL,0.096735847,99.02651169,4.584372674,0.004363399,0,0.000534024,0.000000028,0.235105297,0,0.011568268,0,0,0,0.748626035,0.001726347,0,0.019797622,0.00000013,0.000606331,6e24c15e-8010-42f7-acf9-01c9a9ef4a3e,a7051ea6-602c-41a7-8471-1e1efd4cf34a,MATERIAL_LIFECYCLE_STEP
d0d6ccb1-6236-4287-bc7b-0187194bbef0,2615838001,DEFAULT,,LININGS,2615838001_MAIN_FABRIC,2615838001_LININGS_REANALYSIS,,1,REGENERATIVE COTTON,PREPARATION,0,0,0,0,0,0,0,0,0,0,0,0,0,0,0,0,0,0,0,6e24c15e-8010-42f7-acf9-01c9a9ef4a3e,a7051ea6-602c-41a7-8471-1e1efd4cf34a,MATERIAL_LIFECYCLE_STEP
d0d6ccb1-6236-4287-bc7b-0187194bbef0,2615838001,DEFAULT,,MAIN FABRIC (WOVEN),2615838001_MAIN_FABRIC,2615838001_MAIN_FABRIC_REANALYSIS,271.5,,,COMPONENT IMPACT,5.784260317,312.337563017,14.12737499,0.044691157,0.000000043,0.138029637,0.000000336,65.246624636,0.298613637,0.040821441,0.000000002,0,0.000150859,109.010558997,0.007672034,0.000000001,0.123565493,0.000006131,0.018330842,,c6c5e927-4439-41af-a633-86750456359c,COMPONENT_IMPACT
d0d6ccb1-6236-4287-bc7b-0187194bbef0,2615838001,DEFAULT,,MAIN FABRIC (WOVEN),2615838001_MAIN_FABRIC,2615838001_MAIN_FABRIC_REANALYSIS,,,,WEAVING,1.540421728,3.544431142,0.128679201,0.007763351,0.000000018,0.0581536,0.000000029,19.828132765,0.113525466,0.001492296,0,0,0.000150859,2.128126714,0.00082041,0,0.015143811,0.000003138,0.004022039,,c6c5e927-4439-41af-a633-86750456359c,COMPONENT_LIFECYCLE_STEP
d0d6ccb1-6236-4287-bc7b-0187194bbef0,2615838001,DEFAULT,,MAIN FABRIC (WOVEN),2615838001_MAIN_FABRIC,2615838001_MAIN_FABRIC_REANALYSIS,,,,DYEING,1.886504799,8.520883138,0.075853336,0.012378418,0.000000011,0.022621258,0.000000171,19.249664387,0,0.001854652,0.000000001,0,0,101.829611851,0.000681225,0,0.019498045,0.000000793,0.00566631,,c6c5e927-4439-41af-a633-86750456359c,COMPONENT_LIFECYCLE_STEP
d0d6ccb1-6236-4287-bc7b-0187194bbef0,2615838001,DEFAULT,,MAIN FABRIC (WOVEN),2615838001_MAIN_FABRIC,2615838001_MAIN_FABRIC_REANALYSIS,,,,COMPONENT_TRANSPORT,0.18508817,0,0,0.002179264,0,0.012866613,0.000000026,2.627057903,0.18508817,0.00091947,0,0,0,0,0.000000207,0,0.010209702,0.000000499,0.001821029,,c6c5e927-4439-41af-a633-86750456359c,COMPONENT_LIFECYCLE_STEP
d0d6ccb1-6236-4287-bc7b-0187194bbef0,2615838001,DEFAULT,,MAIN FABRIC (WOVEN),2615838001_MAIN_FABRIC,2615838001_MAIN_FABRIC_REANALYSIS,,,,SPINNING,1.882038079,3.192713668,0.169724431,0.009279928,0.000000014,0.042786095,0.000000026,22.836453689,0,0.001850218,0,0,0,2.806942327,0.000991151,0,0.019321068,0.00000131,0.005002473,,c6c5e927-4439-41af-a633-86750456359c,COMPONENT_LIFECYCLE_STEP
d0d6ccb1-6236-4287-bc7b-0187194bbef0,2615838001,DEFAULT,,MAIN FABRIC (WOVEN),2615838001_MAIN_FABRIC,2615838001_MAIN_FABRIC_REANALYSIS,,1,REGENERATIVE COTTON,MATERIAL IMPACT,0.290207541,297.07953507,13.753118023,0.013090196,0,0.001602071,0.000000084,0.705315892,0,0.034704805,0,0,0,2.245878106,0.005179041,0,0.059392867,0.00000039,0.001818992,369e55f9-c4d1-4640-86f5-c2ee3b3fec7c,c6c5e927-4439-41af-a633-86750456359c,MATERIAL_IMPACT
d0d6ccb1-6236-4287-bc7b-0187194bbef0,2615838001,DEFAULT,,MAIN FABRIC (WOVEN),2615838001_MAIN_FABRIC,2615838001_MAIN_FABRIC_REANALYSIS,,1,REGENERATIVE COTTON,PREPARATION,0,0,0,0,0,0,0,0,0,0,0,0,0,0,0,0,0,0,0,369e55f9-c4d1-4640-86f5-c2ee3b3fec7c,c6c5e927-4439-41af-a633-86750456359c,MATERIAL_LIFECYCLE_STEP
d0d6ccb1-6236-4287-bc7b-0187194bbef0,2615838001,DEFAULT,,MAIN FABRIC (WOVEN),2615838001_MAIN_FABRIC,2615838001_MAIN_FABRIC_REANALYSIS,,1,REGENERATIVE COTTON,HARVESTING,0,0,0,0,0,0,0,0,0,0,0,0,0,0,0,0,0,0,0,369e55f9-c4d1-4640-86f5-c2ee3b3fec7c,c6c5e927-4439-41af-a633-86750456359c,MATERIAL_LIFECYCLE_STEP
d0d6ccb1-6236-4287-bc7b-0187194bbef0,2615838001,DEFAULT,,MAIN FABRIC (WOVEN),2615838001_MAIN_FABRIC,2615838001_MAIN_FABRIC_REANALYSIS,,1,REGENERATIVE COTTON,RAW_MATERIAL_MODEL,0.290207541,297.07953507,13.753118023,0.013090196,0,0.001602071,0.000000084,0.705315892,0,0.034704805,0,0,0,2.245878106,0.005179041,0,0.059392867,0.00000039,0.001818992,369e55f9-c4d1-4640-86f5-c2ee3b3fec7c,c6c5e927-4439-41af-a633-86750456359c,MATERIAL_LIFECYCLE_STEP
e88db85e-1cf1-412d-83e2-d489e503c0b9,2617479002,DEFAULT,CHOICE_PLOT_357,,,,362,,,PRODUCT IMPACT,8.530845143,415.61786241,18.913783529,0.062733207,0.000000066,1.142968796,0.000000431,112.832473341,0.484040128,0.055934098,0.000000002,0,0.000201146,146.264757642,0.010390542,0.000000001,0.178655611,0.00001003,0.027540473,,,PRODUCT_IMPACT
e88db85e-1cf1-412d-83e2-d489e503c0b9,2617479002,DEFAULT,,,,,,,,END_OF_LIFE,0.421685533,0.001853482,0,0.000148821,0,-0.050934633,0.000000001,-0.428232344,0,0.000254117,0,0,0,0,0.000003234,0,0.00089324,0.00000002,0.000374575,,,PRODUCT_LIFECYCLE_STEP
e88db85e-1cf1-412d-83e2-d489e503c0b9,2617479002,DEFAULT,,,,,,,,USE_PHASE,0.146059515,0.654452211,0.041168128,0.00062378,0.000000006,0.990047722,0.000000008,21.784539151,0,0.000185,0,0,0,0.850094766,0.000028826,0,0.001365552,0.000001185,0.000341913,,,PRODUCT_LIFECYCLE_STEP
e88db85e-1cf1-412d-83e2-d489e503c0b9,2617479002,DEFAULT,,,,,,,,DISTRIBUTION,0.048793075,0,0,0.000305329,0,0.005930194,0.000000004,0.72498102,0,0.000154186,0,0,0,0,0.000000018,0,0.00161059,0.000000162,0.000303713,,,PRODUCT_LIFECYCLE_STEP
e88db85e-1cf1-412d-83e2-d489e503c0b9,2617479002,DEFAULT,,,,,,,,WAREHOUSE,0,0,0,0,0,0,0,0,0,0,0,0,0,0,0,0,0,0,0,,,PRODUCT_LIFECYCLE_STEP
e88db85e-1cf1-412d-83e2-d489e503c0b9,2617479002,DEFAULT,,,,,,,,PRODUCT_TRANSPORT,0.140967245,0.052088274,0.001779982,0.002697705,0.000000001,0.00613775,0.000000013,1.888314806,0.083427041,0.00084245,0,0,0,0.36350925,0.000002007,0,0.009335987,0.00000028,0.002100302,,,PRODUCT_LIFECYCLE_STEP
e88db85e-1cf1-412d-83e2-d489e503c0b9,2617479002,DEFAULT,,,,,,,,MANUFACTURING,0.551370298,0.935351683,0.049723229,0.002718689,0.000000004,0.012534806,0.000000008,6.690269664,0,0.000542048,0,0,0,0.822334385,0.000290372,0,0.005660386,0.000000384,0.001465547,,,PRODUCT_LIFECYCLE_STEP
e88db85e-1cf1-412d-83e2-d489e503c0b9,2617479002,DEFAULT,,MAIN FABRIC (WOVEN),2617479002_MAIN_FABRIC,2617479002_MAIN_FABRIC,362,,,COMPONENT IMPACT,7.221969477,413.974116761,18.821112191,0.056238882,0.000000055,0.179252958,0.000000396,82.172601044,0.400613087,0.053956297,0.000000002,0,0.000201146,144.228819241,0.010066085,0.000000001,0.159789856,0.000007998,0.022954423,,0d8d13cc-ff3e-4376-af2e-a64bd7eeddf2,COMPONENT_IMPACT
e88db85e-1cf1-412d-83e2-d489e503c0b9,2617479002,DEFAULT,,MAIN FABRIC (WOVEN),2617479002_MAIN_FABRIC,2617479002_MAIN_FABRIC,,,,DYEING,2.022500548,8.885210255,0.085749984,0.013126247,0.000000012,0.025204,0.000000177,20.808382274,0,0.001988349,0.000000001,0,0,134.654223046,0.000745002,0,0.020897475,0.000000875,0.006044161,,0d8d13cc-ff3e-4376-af2e-a64bd7eeddf2,COMPONENT_LIFECYCLE_STEP
e88db85e-1cf1-412d-83e2-d489e503c0b9,2617479002,DEFAULT,,MAIN FABRIC (WOVEN),2617479002_MAIN_FABRIC,2617479002_MAIN_FABRIC,,,,COMPONENT_TRANSPORT,0.249245799,0,0,0.002934668,0,0.017326603,0.000000035,3.537682308,0.249245799,0.001238189,0,0,0,0,0.000000279,0,0.01374872,0.000000671,0.002452257,,0d8d13cc-ff3e-4376-af2e-a64bd7eeddf2,COMPONENT_LIFECYCLE_STEP
e88db85e-1cf1-412d-83e2-d489e503c0b9,2617479002,DEFAULT,,MAIN FABRIC (WOVEN),2617479002_MAIN_FABRIC,2617479002_MAIN_FABRIC,,,,SPINNING,2.509384105,4.256951557,0.226299241,0.012373238,0.000000019,0.057048126,0.000000034,30.448604919,0,0.002466957,0,0,0,3.742589769,0.001321535,0,0.025761423,0.000001747,0.006669964,,0d8d13cc-ff3e-4376-af2e-a64bd7eeddf2,COMPONENT_LIFECYCLE_STEP
e88db85e-1cf1-412d-83e2-d489e503c0b9,2617479002,DEFAULT,,MAIN FABRIC (WOVEN),2617479002_MAIN_FABRIC,2617479002_MAIN_FABRIC,,,,WEAVING,2.053895637,4.725908189,0.171572268,0.010351134,0.000000024,0.077538133,0.000000038,26.437510353,0.151367288,0.001989728,0,0,0.000201146,2.837502285,0.00109388,0,0.020191748,0.000004184,0.005362719,,0d8d13cc-ff3e-4376-af2e-a64bd7eeddf2,COMPONENT_LIFECYCLE_STEP
e88db85e-1cf1-412d-83e2-d489e503c0b9,2617479002,DEFAULT,,MAIN FABRIC (WOVEN),2617479002_MAIN_FABRIC,2617479002_MAIN_FABRIC,,1,REGENERATIVE COTTON,MATERIAL IMPACT,0.386943389,396.10604676,18.337490697,0.017453595,0.000000001,0.002136095,0.000000112,0.94042119,0,0.046273073,0,0,0,2.994504141,0.006905388,0,0.079190489,0.000000521,0.002425323,6f4597de-6514-4ffc-8803-e7cbeb98490f,0d8d13cc-ff3e-4376-af2e-a64bd7eeddf2,MATERIAL_IMPACT
e88db85e-1cf1-412d-83e2-d489e503c0b9,2617479002,DEFAULT,,MAIN FABRIC (WOVEN),2617479002_MAIN_FABRIC,2617479002_MAIN_FABRIC,,1,REGENERATIVE COTTON,HARVESTING,0,0,0,0,0,0,0,0,0,0,0,0,0,0,0,0,0,0,0,6f4597de-6514-4ffc-8803-e7cbeb98490f,0d8d13cc-ff3e-4376-af2e-a64bd7eeddf2,MATERIAL_LIFECYCLE_STEP
e88db85e-1cf1-412d-83e2-d489e503c0b9,2617479002,DEFAULT,,MAIN FABRIC (WOVEN),2617479002_MAIN_FABRIC,2617479002_MAIN_FABRIC,,1,REGENERATIVE COTTON,RAW_MATERIAL_MODEL,0.386943389,396.10604676,18.337490697,0.017453595,0.000000001,0.002136095,0.000000112,0.94042119,0,0.046273073,0,0,0,2.994504141,0.006905388,0,0.079190489,0.000000521,0.002425323,6f4597de-6514-4ffc-8803-e7cbeb98490f,0d8d13cc-ff3e-4376-af2e-a64bd7eeddf2,MATERIAL_LIFECYCLE_STEP
e88db85e-1cf1-412d-83e2-d489e503c0b9,2617479002,DEFAULT,,MAIN FABRIC (WOVEN),2617479002_MAIN_FABRIC,2617479002_MAIN_FABRIC,,1,REGENERATIVE COTTON,PREPARATION,0,0,0,0,0,0,0,0,0,0,0,0,0,0,0,0,0,0,0,6f4597de-6514-4ffc-8803-e7cbeb98490f,0d8d13cc-ff3e-4376-af2e-a64bd7eeddf2,MATERIAL_LIFECYCLE_STEP
ef2ad953-389d-4794-8641-087252d47646,2616093002,DEFAULT,CHOICE_PLOT_357,,,,362,,,PRODUCT IMPACT,8.528383571,415.61786241,18.913783529,0.062704224,0.000000066,1.142797677,0.00000043,112.797534903,0.481578557,0.055921869,0.000000002,0,0.000201146,146.264757642,0.01039054,0.000000001,0.178519828,0.000010023,0.027516254,,,PRODUCT_IMPACT
ef2ad953-389d-4794-8641-087252d47646,2616093002,DEFAULT,,,,,,,,END_OF_LIFE,0.421685533,0.001853482,0,0.000148821,0,-0.050934633,0.000000001,-0.428232344,0,0.000254117,0,0,0,0,0.000003234,0,0.00089324,0.00000002,0.000374575,,,PRODUCT_LIFECYCLE_STEP
ef2ad953-389d-4794-8641-087252d47646,2616093002,DEFAULT,,,,,,,,USE_PHASE,0.146059515,0.654452211,0.041168128,0.00062378,0.000000006,0.990047722,0.000000008,21.784539151,0,0.000185,0,0,0,0.850094766,0.000028826,0,0.001365552,0.000001185,0.000341913,,,PRODUCT_LIFECYCLE_STEP
ef2ad953-389d-4794-8641-087252d47646,2616093002,DEFAULT,,,,,,,,DISTRIBUTION,0.048793075,0,0,0.000305329,0,0.005930194,0.000000004,0.72498102,0,0.000154186,0,0,0,0,0.000000018,0,0.00161059,0.000000162,0.000303713,,,PRODUCT_LIFECYCLE_STEP
ef2ad953-389d-4794-8641-087252d47646,2616093002,DEFAULT,,,,,,,,WAREHOUSE,0,0,0,0,0,0,0,0,0,0,0,0,0,0,0,0,0,0,0,,,PRODUCT_LIFECYCLE_STEP
ef2ad953-389d-4794-8641-087252d47646,2616093002,DEFAULT,,,,,,,,PRODUCT_TRANSPORT,0.140967245,0.052088274,0.001779982,0.002697705,0.000000001,0.00613775,0.000000013,1.888314806,0.083427041,0.00084245,0,0,0,0.36350925,0.000002007,0,0.009335987,0.00000028,0.002100302,,,PRODUCT_LIFECYCLE_STEP
ef2ad953-389d-4794-8641-087252d47646,2616093002,DEFAULT,,,,,,,,MANUFACTURING,0.551370298,0.935351683,0.049723229,0.002718689,0.000000004,0.012534806,0.000000008,6.690269664,0,0.000542048,0,0,0,0.822334385,0.000290372,0,0.005660386,0.000000384,0.001465547,,,PRODUCT_LIFECYCLE_STEP
ef2ad953-389d-4794-8641-087252d47646,2616093002,DEFAULT,,LININGS,2616093002_LININGS_REANALYSIS,2616093002_LININGS_REANALYSIS,90.5,,,COMPONENT IMPACT,1.804876976,103.49352919,4.705278048,0.014052475,0.000000014,0.04477046,0.000000099,20.534415652,0.099537879,0.013486017,0,0,0.000050286,36.05720481,0.00251652,0,0.039913518,0.000001998,0.005732551,,1bd9b64f-15ea-451a-bd9d-1b12e82ed21d,COMPONENT_IMPACT
ef2ad953-389d-4794-8641-087252d47646,2616093002,DEFAULT,,LININGS,2616093002_LININGS_REANALYSIS,2616093002_LININGS_REANALYSIS,,,,WEAVING,0.513473909,1.181477047,0.042893067,0.002587784,0.000000006,0.019384533,0.00000001,6.609377588,0.037841822,0.000497432,0,0,0.000050286,0.709375571,0.00027347,0,0.005047937,0.000001046,0.00134068,,1bd9b64f-15ea-451a-bd9d-1b12e82ed21d,COMPONENT_LIFECYCLE_STEP
ef2ad953-389d-4794-8641-087252d47646,2616093002,DEFAULT,,LININGS,2616093002_LININGS_REANALYSIS,2616093002_LININGS_REANALYSIS,,,,SPINNING,0.627346026,1.064237889,0.05657481,0.003093309,0.000000005,0.014262032,0.000000009,7.61215123,0,0.000616739,0,0,0,0.935647442,0.000330384,0,0.006440356,0.000000437,0.001667491,,1bd9b64f-15ea-451a-bd9d-1b12e82ed21d,COMPONENT_LIFECYCLE_STEP
ef2ad953-389d-4794-8641-087252d47646,2616093002,DEFAULT,,LININGS,2616093002_LININGS_REANALYSIS,2616093002_LININGS_REANALYSIS,,,,DYEING,0.505625137,2.221302564,0.021437496,0.003281562,0.000000003,0.006301,0.000000044,5.202095568,0,0.000497087,0,0,0,33.663555762,0.000186251,0,0.005224369,0.000000219,0.00151104,,1bd9b64f-15ea-451a-bd9d-1b12e82ed21d,COMPONENT_LIFECYCLE_STEP
ef2ad953-389d-4794-8641-087252d47646,2616093002,DEFAULT,,LININGS,2616093002_LININGS_REANALYSIS,2616093002_LININGS_REANALYSIS,,,,COMPONENT_TRANSPORT,0.061696057,0,0,0.000726421,0,0.004288871,0.000000009,0.875685968,0.061696057,0.00030649,0,0,0,0,0.000000069,0,0.003403234,0.000000166,0.00060701,,1bd9b64f-15ea-451a-bd9d-1b12e82ed21d,COMPONENT_LIFECYCLE_STEP
ef2ad953-389d-4794-8641-087252d47646,2616093002,DEFAULT,,LININGS,2616093002_LININGS_REANALYSIS,2616093002_LININGS_REANALYSIS,,1,REGENERATIVE COTTON,MATERIAL IMPACT,0.096735847,99.02651169,4.584372674,0.004363399,0,0.000534024,0.000000028,0.235105297,0,0.011568268,0,0,0,0.748626035,0.001726347,0,0.019797622,0.00000013,0.000606331,f66998b4-d6ab-4d81-be62-54d22e585d1d,1bd9b64f-15ea-451a-bd9d-1b12e82ed21d,MATERIAL_IMPACT
ef2ad953-389d-4794-8641-087252d47646,2616093002,DEFAULT,,LININGS,2616093002_LININGS_REANALYSIS,2616093002_LININGS_REANALYSIS,,1,REGENERATIVE COTTON,RAW_MATERIAL_MODEL,0.096735847,99.02651169,4.584372674,0.004363399,0,0.000534024,0.000000028,0.235105297,0,0.011568268,0,0,0,0.748626035,0.001726347,0,0.019797622,0.00000013,0.000606331,f66998b4-d6ab-4d81-be62-54d22e585d1d,1bd9b64f-15ea-451a-bd9d-1b12e82ed21d,MATERIAL_LIFECYCLE_STEP
ef2ad953-389d-4794-8641-087252d47646,2616093002,DEFAULT,,LININGS,2616093002_LININGS_REANALYSIS,2616093002_LININGS_REANALYSIS,,1,REGENERATIVE COTTON,HARVESTING,0,0,0,0,0,0,0,0,0,0,0,0,0,0,0,0,0,0,0,f66998b4-d6ab-4d81-be62-54d22e585d1d,1bd9b64f-15ea-451a-bd9d-1b12e82ed21d,MATERIAL_LIFECYCLE_STEP
ef2ad953-389d-4794-8641-087252d47646,2616093002,DEFAULT,,LININGS,2616093002_LININGS_REANALYSIS,2616093002_LININGS_REANALYSIS,,1,REGENERATIVE COTTON,PREPARATION,0,0,0,0,0,0,0,0,0,0,0,0,0,0,0,0,0,0,0,f66998b4-d6ab-4d81-be62-54d22e585d1d,1bd9b64f-15ea-451a-bd9d-1b12e82ed21d,MATERIAL_LIFECYCLE_STEP
ef2ad953-389d-4794-8641-087252d47646,2616093002,DEFAULT,,MAIN FABRIC (WOVEN),2616093002_MAIN FABRIC_REANALYSIS,2616093002_MAIN FABRIC_REANALYSIS,271.5,,,COMPONENT IMPACT,5.414630929,310.480587571,14.115834143,0.042157425,0.000000041,0.134311379,0.000000297,61.603246955,0.298613637,0.040458051,0.000000001,0,0.000150859,108.171614431,0.007549561,0.000000001,0.119740554,0.000005994,0.017197653,,a92cc62b-3ddc-4e3d-866f-bb097356e978,COMPONENT_IMPACT
ef2ad953-389d-4794-8641-087252d47646,2616093002,DEFAULT,,MAIN FABRIC (WOVEN),2616093002_MAIN FABRIC_REANALYSIS,2616093002_MAIN FABRIC_REANALYSIS,,,,COMPONENT_TRANSPORT,0.18508817,0,0,0.002179264,0,0.012866613,0.000000026,2.627057903,0.18508817,0.00091947,0,0,0,0,0.000000207,0,0.010209702,0.000000499,0.001821029,,a92cc62b-3ddc-4e3d-866f-bb097356e978,COMPONENT_LIFECYCLE_STEP
ef2ad953-389d-4794-8641-087252d47646,2616093002,DEFAULT,,MAIN FABRIC (WOVEN),2616093002_MAIN FABRIC_REANALYSIS,2616093002_MAIN FABRIC_REANALYSIS,,,,WEAVING,1.540421728,3.544431142,0.128679201,0.007763351,0.000000018,0.0581536,0.000000029,19.828132765,0.113525466,0.001492296,0,0,0.000150859,2.128126714,0.00082041,0,0.015143811,0.000003138,0.004022039,,a92cc62b-3ddc-4e3d-866f-bb097356e978,COMPONENT_LIFECYCLE_STEP
ef2ad953-389d-4794-8641-087252d47646,2616093002,DEFAULT,,MAIN FABRIC (WOVEN),2616093002_MAIN FABRIC_REANALYSIS,2616093002_MAIN FABRIC_REANALYSIS,,,,SPINNING,1.882038079,3.192713668,0.169724431,0.009279928,0.000000014,0.042786095,0.000000026,22.836453689,0,0.001850218,0,0,0,2.806942327,0.000991151,0,0.019321068,0.00000131,0.005002473,,a92cc62b-3ddc-4e3d-866f-bb097356e978,COMPONENT_LIFECYCLE_STEP
ef2ad953-389d-4794-8641-087252d47646,2616093002,DEFAULT,,MAIN FABRIC (WOVEN),2616093002_MAIN FABRIC_REANALYSIS,2616093002_MAIN FABRIC_REANALYSIS,,,,DYEING,1.516875411,6.663907691,0.064312488,0.009844685,0.000000009,0.018903,0.000000132,15.606286705,0,0.001491262,0.000000001,0,0,100.990667285,0.000558752,0,0.015673106,0.000000656,0.004533121,,a92cc62b-3ddc-4e3d-866f-bb097356e978,COMPONENT_LIFECYCLE_STEP
ef2ad953-389d-4794-8641-087252d47646,2616093002,DEFAULT,,MAIN FABRIC (WOVEN),2616093002_MAIN FABRIC_REANALYSIS,2616093002_MAIN FABRIC_REANALYSIS,,1,REGENERATIVE COTTON,MATERIAL IMPACT,0.290207541,297.07953507,13.753118023,0.013090196,0,0.001602071,0.000000084,0.705315892,0,0.034704805,0,0,0,2.245878106,0.005179041,0,0.059392867,0.00000039,0.001818992,7e3eb9af-caa2-45d9-94b7-b15f8bc41157,a92cc62b-3ddc-4e3d-866f-bb097356e978,MATERIAL_IMPACT
ef2ad953-389d-4794-8641-087252d47646,2616093002,DEFAULT,,MAIN FABRIC (WOVEN),2616093002_MAIN FABRIC_REANALYSIS,2616093002_MAIN FABRIC_REANALYSIS,,1,REGENERATIVE COTTON,PREPARATION,0,0,0,0,0,0,0,0,0,0,0,0,0,0,0,0,0,0,0,7e3eb9af-caa2-45d9-94b7-b15f8bc41157,a92cc62b-3ddc-4e3d-866f-bb097356e978,MATERIAL_LIFECYCLE_STEP
ef2ad953-389d-4794-8641-087252d47646,2616093002,DEFAULT,,MAIN FABRIC (WOVEN),2616093002_MAIN FABRIC_REANALYSIS,2616093002_MAIN FABRIC_REANALYSIS,,1,REGENERATIVE COTTON,RAW_MATERIAL_MODEL,0.290207541,297.07953507,13.753118023,0.013090196,0,0.001602071,0.000000084,0.705315892,0,0.034704805,0,0,0,2.245878106,0.005179041,0,0.059392867,0.00000039,0.001818992,7e3eb9af-caa2-45d9-94b7-b15f8bc41157,a92cc62b-3ddc-4e3d-866f-bb097356e978,MATERIAL_LIFECYCLE_STEP
ef2ad953-389d-4794-8641-087252d47646,2616093002,DEFAULT,,MAIN FABRIC (WOVEN),2616093002_MAIN FABRIC_REANALYSIS,2616093002_MAIN FABRIC_REANALYSIS,,1,REGENERATIVE COTTON,HARVESTING,0,0,0,0,0,0,0,0,0,0,0,0,0,0,0,0,0,0,0,7e3eb9af-caa2-45d9-94b7-b15f8bc41157,a92cc62b-3ddc-4e3d-866f-bb097356e978,MATERIAL_LIFECYCLE_STEP
f14f0613-b0f8-4b3d-869c-9d1689c7e3fa,2616432002,DEFAULT,CHOICE_PLOT_357,,,,473,,,PRODUCT IMPACT,12.894226925,546.182843767,24.881874153,0.090527754,0.000000101,1.908342655,0.000000589,176.240346611,0.62924491,0.074806111,0.000000003,0,0.000262823,193.965962293,0.01448046,0.000000001,0.251181318,0.000014728,0.040589585,,,PRODUCT_IMPACT
f14f0613-b0f8-4b3d-869c-9d1689c7e3fa,2616432002,DEFAULT,,,,,,,,END_OF_LIFE,0.550727999,0.001383894,0,0.000193638,0,-0.066553237,0.000000002,-0.562889535,0,0.000331774,0,0,0,0,0.000004225,0,0.001163758,0.000000026,0.000488781,,,PRODUCT_LIFECYCLE_STEP
f14f0613-b0f8-4b3d-869c-9d1689c7e3fa,2616432002,DEFAULT,,,,,,,,USE_PHASE,0.24640239,1.104060831,0.069450629,0.001052317,0.00000001,1.670210435,0.000000014,36.750515948,0,0.000312095,0,0,0,1.434109809,0.00004863,0,0.002303687,0.000001999,0.000576807,,,PRODUCT_LIFECYCLE_STEP
f14f0613-b0f8-4b3d-869c-9d1689c7e3fa,2616432002,DEFAULT,,,,,,,,DISTRIBUTION,0.063754488,0,0,0.000398952,0,0.007748568,0.000000005,0.94728183,0,0.000201464,0,0,0,0,0.000000024,0,0.002104446,0.000000212,0.00039684,,,PRODUCT_LIFECYCLE_STEP
f14f0613-b0f8-4b3d-869c-9d1689c7e3fa,2616432002,DEFAULT,,,,,,,,WAREHOUSE,0,0,0,0,0,0,0,0,0,0,0,0,0,0,0,0,0,0,0,,,PRODUCT_LIFECYCLE_STEP
f14f0613-b0f8-4b3d-869c-9d1689c7e3fa,2616432002,DEFAULT,,,,,,,,PRODUCT_TRANSPORT,0.184192008,0.068060093,0.002325777,0.003524902,0.000000001,0.008019767,0.000000018,2.467328462,0.109008261,0.00110077,0,0,0,0.474972031,0.000002623,0,0.012198679,0.000000366,0.002744317,,,PRODUCT_LIFECYCLE_STEP
f14f0613-b0f8-4b3d-869c-9d1689c7e3fa,2616432002,DEFAULT,,,,,,,,MANUFACTURING,1.24058317,2.104541287,0.111877265,0.006117051,0.000000009,0.028203313,0.000000017,15.053106744,0,0.001219608,0,0,0,1.850252366,0.000653337,0,0.012735869,0.000000864,0.003297481,,,PRODUCT_LIFECYCLE_STEP
f14f0613-b0f8-4b3d-869c-9d1689c7e3fa,2616432002,DEFAULT,,MAIN FABRIC (WOVEN),2616432002_MAIN_FABRIC,2616432002_MAIN_FABRIC_REANALYSIS,473,,,COMPONENT IMPACT,10.60856687,542.904797661,24.698220481,0.079240894,0.000000081,0.26071381,0.000000534,121.585003162,0.520236649,0.071640399,0.000000003,0,0.000262823,190.206628088,0.013771622,0.000000001,0.22067488,0.000011261,0.03308536,,ed138a40-b1c4-4edd-b5b4-c1f173dfbbb3,COMPONENT_IMPACT
f14f0613-b0f8-4b3d-869c-9d1689c7e3fa,2616432002,DEFAULT,,MAIN FABRIC (WOVEN),2616432002_MAIN_FABRIC,2616432002_MAIN_FABRIC_REANALYSIS,,,,SPINNING,3.278836138,5.562259907,0.29568934,0.016167242,0.000000024,0.074540784,0.000000045,39.785055599,0,0.0032234,0,0,0,4.89017945,0.001726757,0,0.033660644,0.000002283,0.008715174,,ed138a40-b1c4-4edd-b5b4-c1f173dfbbb3,COMPONENT_LIFECYCLE_STEP
f14f0613-b0f8-4b3d-869c-9d1689c7e3fa,2616432002,DEFAULT,,MAIN FABRIC (WOVEN),2616432002_MAIN_FABRIC,2616432002_MAIN_FABRIC_REANALYSIS,,,,DYEING,2.642659555,11.609680803,0.112043488,0.017151146,0.000000016,0.032932299,0.000000231,27.188853081,0,0.002598036,0.000000001,0,0,175.943225141,0.000973442,0.000000001,0.027305264,0.000001143,0.007897481,,ed138a40-b1c4-4edd-b5b4-c1f173dfbbb3,COMPONENT_LIFECYCLE_STEP
f14f0613-b0f8-4b3d-869c-9d1689c7e3fa,2616432002,DEFAULT,,MAIN FABRIC (WOVEN),2616432002_MAIN_FABRIC,2616432002_MAIN_FABRIC_REANALYSIS,,,,COMPONENT_TRANSPORT,0.322455634,0,0,0.003796655,0,0.022415867,0.000000045,4.576789643,0.322455634,0.001601876,0,0,0,0,0.000000361,0,0.017787069,0.000000869,0.003172547,,ed138a40-b1c4-4edd-b5b4-c1f173dfbbb3,COMPONENT_LIFECYCLE_STEP
f14f0613-b0f8-4b3d-869c-9d1689c7e3fa,2616432002,DEFAULT,,MAIN FABRIC (WOVEN),2616432002_MAIN_FABRIC,2616432002_MAIN_FABRIC_REANALYSIS,,,,WEAVING,3.859023767,8.168878726,0.330175223,0.019320464,0.00000004,0.128033774,0.000000066,48.805522456,0.197781015,0.003755309,0.000000001,0,0.000262823,5.460515048,0.002048275,0,0.038449247,0.000006286,0.010131158,,ed138a40-b1c4-4edd-b5b4-c1f173dfbbb3,COMPONENT_LIFECYCLE_STEP
f14f0613-b0f8-4b3d-869c-9d1689c7e3fa,2616432002,DEFAULT,,MAIN FABRIC (WOVEN),2616432002_MAIN_FABRIC,2616432002_MAIN_FABRIC_REANALYSIS,,1,REGENERATIVE COTTON,MATERIAL IMPACT,0.505591776,517.563978225,23.96031243,0.022805388,0.000000001,0.002791086,0.000000147,1.228782383,0,0.060461778,0,0,0,3.91270845,0.009022786,0,0.103472655,0.00000068,0.003168999,c328a335-33eb-4a44-87bc-18cf6c6aa2d6,ed138a40-b1c4-4edd-b5b4-c1f173dfbbb3,MATERIAL_IMPACT
f14f0613-b0f8-4b3d-869c-9d1689c7e3fa,2616432002,DEFAULT,,MAIN FABRIC (WOVEN),2616432002_MAIN_FABRIC,2616432002_MAIN_FABRIC_REANALYSIS,,1,REGENERATIVE COTTON,PREPARATION,0,0,0,0,0,0,0,0,0,0,0,0,0,0,0,0,0,0,0,c328a335-33eb-4a44-87bc-18cf6c6aa2d6,ed138a40-b1c4-4edd-b5b4-c1f173dfbbb3,MATERIAL_LIFECYCLE_STEP
f14f0613-b0f8-4b3d-869c-9d1689c7e3fa,2616432002,DEFAULT,,MAIN FABRIC (WOVEN),2616432002_MAIN_FABRIC,2616432002_MAIN_FABRIC_REANALYSIS,,1,REGENERATIVE COTTON,HARVESTING,0,0,0,0,0,0,0,0,0,0,0,0,0,0,0,0,0,0,0,c328a335-33eb-4a44-87bc-18cf6c6aa2d6,ed138a40-b1c4-4edd-b5b4-c1f173dfbbb3,MATERIAL_LIFECYCLE_STEP
f14f0613-b0f8-4b3d-869c-9d1689c7e3fa,2616432002,DEFAULT,,MAIN FABRIC (WOVEN),2616432002_MAIN_FABRIC,2616432002_MAIN_FABRIC_REANALYSIS,,1,REGENERATIVE COTTON,RAW_MATERIAL_MODEL,0.505591776,517.563978225,23.96031243,0.022805388,0.000000001,0.002791086,0.000000147,1.228782383,0,0.060461778,0,0,0,3.91270845,0.009022786,0,0.103472655,0.00000068,0.003168999,c328a335-33eb-4a44-87bc-18cf6c6aa2d6,ed138a40-b1c4-4edd-b5b4-c1f173dfbbb3,MATERIAL_LIFECYCLE_STEP
f3896bb7-4890-45be-8a4d-ab21763b8b7f,2615857002,DEFAULT,CHOICE_PLOT_357,,,,362,,,PRODUCT IMPACT,8.528383571,415.61786241,18.913783529,0.062704224,0.000000066,1.142797677,0.00000043,112.797534903,0.481578557,0.055921869,0.000000002,0,0.000201146,146.264757642,0.01039054,0.000000001,0.178519828,0.000010023,0.027516254,,,PRODUCT_IMPACT
f3896bb7-4890-45be-8a4d-ab21763b8b7f,2615857002,DEFAULT,,,,,,,,END_OF_LIFE,0.421685533,0.001853482,0,0.000148821,0,-0.050934633,0.000000001,-0.428232344,0,0.000254117,0,0,0,0,0.000003234,0,0.00089324,0.00000002,0.000374575,,,PRODUCT_LIFECYCLE_STEP
f3896bb7-4890-45be-8a4d-ab21763b8b7f,2615857002,DEFAULT,,,,,,,,USE_PHASE,0.146059515,0.654452211,0.041168128,0.00062378,0.000000006,0.990047722,0.000000008,21.784539151,0,0.000185,0,0,0,0.850094766,0.000028826,0,0.001365552,0.000001185,0.000341913,,,PRODUCT_LIFECYCLE_STEP
f3896bb7-4890-45be-8a4d-ab21763b8b7f,2615857002,DEFAULT,,,,,,,,DISTRIBUTION,0.048793075,0,0,0.000305329,0,0.005930194,0.000000004,0.72498102,0,0.000154186,0,0,0,0,0.000000018,0,0.00161059,0.000000162,0.000303713,,,PRODUCT_LIFECYCLE_STEP
f3896bb7-4890-45be-8a4d-ab21763b8b7f,2615857002,DEFAULT,,,,,,,,WAREHOUSE,0,0,0,0,0,0,0,0,0,0,0,0,0,0,0,0,0,0,0,,,PRODUCT_LIFECYCLE_STEP
f3896bb7-4890-45be-8a4d-ab21763b8b7f,2615857002,DEFAULT,,,,,,,,PRODUCT_TRANSPORT,0.140967245,0.052088274,0.001779982,0.002697705,0.000000001,0.00613775,0.000000013,1.888314806,0.083427041,0.00084245,0,0,0,0.36350925,0.000002007,0,0.009335987,0.00000028,0.002100302,,,PRODUCT_LIFECYCLE_STEP
f3896bb7-4890-45be-8a4d-ab21763b8b7f,2615857002,DEFAULT,,,,,,,,MANUFACTURING,0.551370298,0.935351683,0.049723229,0.002718689,0.000000004,0.012534806,0.000000008,6.690269664,0,0.000542048,0,0,0,0.822334385,0.000290372,0,0.005660386,0.000000384,0.001465547,,,PRODUCT_LIFECYCLE_STEP
f3896bb7-4890-45be-8a4d-ab21763b8b7f,2615857002,DEFAULT,,MAIN FABRIC (WOVEN),2615857002_MAIN FABRIC_REANALYSIS,2615857002_MAIN FABRIC_REANALYSIS,271.5,,,COMPONENT IMPACT,5.414630929,310.480587571,14.115834143,0.042157425,0.000000041,0.134311379,0.000000297,61.603246955,0.298613637,0.040458051,0.000000001,0,0.000150859,108.171614431,0.007549561,0.000000001,0.119740554,0.000005994,0.017197653,,12c9231e-a6e7-49ac-a10d-71aaf0a6ea2f,COMPONENT_IMPACT
f3896bb7-4890-45be-8a4d-ab21763b8b7f,2615857002,DEFAULT,,MAIN FABRIC (WOVEN),2615857002_MAIN FABRIC_REANALYSIS,2615857002_MAIN FABRIC_REANALYSIS,,,,COMPONENT_TRANSPORT,0.18508817,0,0,0.002179264,0,0.012866613,0.000000026,2.627057903,0.18508817,0.00091947,0,0,0,0,0.000000207,0,0.010209702,0.000000499,0.001821029,,12c9231e-a6e7-49ac-a10d-71aaf0a6ea2f,COMPONENT_LIFECYCLE_STEP
f3896bb7-4890-45be-8a4d-ab21763b8b7f,2615857002,DEFAULT,,MAIN FABRIC (WOVEN),2615857002_MAIN FABRIC_REANALYSIS,2615857002_MAIN FABRIC_REANALYSIS,,,,WEAVING,1.540421728,3.544431142,0.128679201,0.007763351,0.000000018,0.0581536,0.000000029,19.828132765,0.113525466,0.001492296,0,0,0.000150859,2.128126714,0.00082041,0,0.015143811,0.000003138,0.004022039,,12c9231e-a6e7-49ac-a10d-71aaf0a6ea2f,COMPONENT_LIFECYCLE_STEP
f3896bb7-4890-45be-8a4d-ab21763b8b7f,2615857002,DEFAULT,,MAIN FABRIC (WOVEN),2615857002_MAIN FABRIC_REANALYSIS,2615857002_MAIN FABRIC_REANALYSIS,,,,DYEING,1.516875411,6.663907691,0.064312488,0.009844685,0.000000009,0.018903,0.000000132,15.606286705,0,0.001491262,0.000000001,0,0,100.990667285,0.000558752,0,0.015673106,0.000000656,0.004533121,,12c9231e-a6e7-49ac-a10d-71aaf0a6ea2f,COMPONENT_LIFECYCLE_STEP
f3896bb7-4890-45be-8a4d-ab21763b8b7f,2615857002,DEFAULT,,MAIN FABRIC (WOVEN),2615857002_MAIN FABRIC_REANALYSIS,2615857002_MAIN FABRIC_REANALYSIS,,,,SPINNING,1.882038079,3.192713668,0.169724431,0.009279928,0.000000014,0.042786095,0.000000026,22.836453689,0,0.001850218,0,0,0,2.806942327,0.000991151,0,0.019321068,0.00000131,0.005002473,,12c9231e-a6e7-49ac-a10d-71aaf0a6ea2f,COMPONENT_LIFECYCLE_STEP
f3896bb7-4890-45be-8a4d-ab21763b8b7f,2615857002,DEFAULT,,MAIN FABRIC (WOVEN),2615857002_MAIN FABRIC_REANALYSIS,2615857002_MAIN FABRIC_REANALYSIS,,1,REGENERATIVE COTTON,MATERIAL IMPACT,0.290207541,297.07953507,13.753118023,0.013090196,0,0.001602071,0.000000084,0.705315892,0,0.034704805,0,0,0,2.245878106,0.005179041,0,0.059392867,0.00000039,0.001818992,938bfe96-936e-422b-b251-2cbc46c70121,12c9231e-a6e7-49ac-a10d-71aaf0a6ea2f,MATERIAL_IMPACT
f3896bb7-4890-45be-8a4d-ab21763b8b7f,2615857002,DEFAULT,,MAIN FABRIC (WOVEN),2615857002_MAIN FABRIC_REANALYSIS,2615857002_MAIN FABRIC_REANALYSIS,,1,REGENERATIVE COTTON,HARVESTING,0,0,0,0,0,0,0,0,0,0,0,0,0,0,0,0,0,0,0,938bfe96-936e-422b-b251-2cbc46c70121,12c9231e-a6e7-49ac-a10d-71aaf0a6ea2f,MATERIAL_LIFECYCLE_STEP
f3896bb7-4890-45be-8a4d-ab21763b8b7f,2615857002,DEFAULT,,MAIN FABRIC (WOVEN),2615857002_MAIN FABRIC_REANALYSIS,2615857002_MAIN FABRIC_REANALYSIS,,1,REGENERATIVE COTTON,RAW_MATERIAL_MODEL,0.290207541,297.07953507,13.753118023,0.013090196,0,0.001602071,0.000000084,0.705315892,0,0.034704805,0,0,0,2.245878106,0.005179041,0,0.059392867,0.00000039,0.001818992,938bfe96-936e-422b-b251-2cbc46c70121,12c9231e-a6e7-49ac-a10d-71aaf0a6ea2f,MATERIAL_LIFECYCLE_STEP
f3896bb7-4890-45be-8a4d-ab21763b8b7f,2615857002,DEFAULT,,MAIN FABRIC (WOVEN),2615857002_MAIN FABRIC_REANALYSIS,2615857002_MAIN FABRIC_REANALYSIS,,1,REGENERATIVE COTTON,PREPARATION,0,0,0,0,0,0,0,0,0,0,0,0,0,0,0,0,0,0,0,938bfe96-936e-422b-b251-2cbc46c70121,12c9231e-a6e7-49ac-a10d-71aaf0a6ea2f,MATERIAL_LIFECYCLE_STEP
f3896bb7-4890-45be-8a4d-ab21763b8b7f,2615857002,DEFAULT,,LININGS,2615857002_LININGS_REANALYSIS,2615857002_LININGS_REANALYSIS,90.5,,,COMPONENT IMPACT,1.804876976,103.49352919,4.705278048,0.014052475,0.000000014,0.04477046,0.000000099,20.534415652,0.099537879,0.013486017,0,0,0.000050286,36.05720481,0.00251652,0,0.039913518,0.000001998,0.005732551,,6cb065c2-9dd2-491e-8694-3b82daa0f965,COMPONENT_IMPACT
f3896bb7-4890-45be-8a4d-ab21763b8b7f,2615857002,DEFAULT,,LININGS,2615857002_LININGS_REANALYSIS,2615857002_LININGS_REANALYSIS,,,,DYEING,0.505625137,2.221302564,0.021437496,0.003281562,0.000000003,0.006301,0.000000044,5.202095568,0,0.000497087,0,0,0,33.663555762,0.000186251,0,0.005224369,0.000000219,0.00151104,,6cb065c2-9dd2-491e-8694-3b82daa0f965,COMPONENT_LIFECYCLE_STEP
f3896bb7-4890-45be-8a4d-ab21763b8b7f,2615857002,DEFAULT,,LININGS,2615857002_LININGS_REANALYSIS,2615857002_LININGS_REANALYSIS,,,,COMPONENT_TRANSPORT,0.061696057,0,0,0.000726421,0,0.004288871,0.000000009,0.875685968,0.061696057,0.00030649,0,0,0,0,0.000000069,0,0.003403234,0.000000166,0.00060701,,6cb065c2-9dd2-491e-8694-3b82daa0f965,COMPONENT_LIFECYCLE_STEP
f3896bb7-4890-45be-8a4d-ab21763b8b7f,2615857002,DEFAULT,,LININGS,2615857002_LININGS_REANALYSIS,2615857002_LININGS_REANALYSIS,,,,WEAVING,0.513473909,1.181477047,0.042893067,0.002587784,0.000000006,0.019384533,0.00000001,6.609377588,0.037841822,0.000497432,0,0,0.000050286,0.709375571,0.00027347,0,0.005047937,0.000001046,0.00134068,,6cb065c2-9dd2-491e-8694-3b82daa0f965,COMPONENT_LIFECYCLE_STEP
f3896bb7-4890-45be-8a4d-ab21763b8b7f,2615857002,DEFAULT,,LININGS,2615857002_LININGS_REANALYSIS,2615857002_LININGS_REANALYSIS,,,,SPINNING,0.627346026,1.064237889,0.05657481,0.003093309,0.000000005,0.014262032,0.000000009,7.61215123,0,0.000616739,0,0,0,0.935647442,0.000330384,0,0.006440356,0.000000437,0.001667491,,6cb065c2-9dd2-491e-8694-3b82daa0f965,COMPONENT_LIFECYCLE_STEP
f3896bb7-4890-45be-8a4d-ab21763b8b7f,2615857002,DEFAULT,,LININGS,2615857002_LININGS_REANALYSIS,2615857002_LININGS_REANALYSIS,,1,REGENERATIVE COTTON,MATERIAL IMPACT,0.096735847,99.02651169,4.584372674,0.004363399,0,0.000534024,0.000000028,0.235105297,0,0.011568268,0,0,0,0.748626035,0.001726347,0,0.019797622,0.00000013,0.000606331,1dc526ee-659c-415f-b8fd-acba571efc54,6cb065c2-9dd2-491e-8694-3b82daa0f965,MATERIAL_IMPACT
f3896bb7-4890-45be-8a4d-ab21763b8b7f,2615857002,DEFAULT,,LININGS,2615857002_LININGS_REANALYSIS,2615857002_LININGS_REANALYSIS,,1,REGENERATIVE COTTON,PREPARATION,0,0,0,0,0,0,0,0,0,0,0,0,0,0,0,0,0,0,0,1dc526ee-659c-415f-b8fd-acba571efc54,6cb065c2-9dd2-491e-8694-3b82daa0f965,MATERIAL_LIFECYCLE_STEP
f3896bb7-4890-45be-8a4d-ab21763b8b7f,2615857002,DEFAULT,,LININGS,2615857002_LININGS_REANALYSIS,2615857002_LININGS_REANALYSIS,,1,REGENERATIVE COTTON,RAW_MATERIAL_MODEL,0.096735847,99.02651169,4.584372674,0.004363399,0,0.000534024,0.000000028,0.235105297,0,0.011568268,0,0,0,0.748626035,0.001726347,0,0.019797622,0.00000013,0.000606331,1dc526ee-659c-415f-b8fd-acba571efc54,6cb065c2-9dd2-491e-8694-3b82daa0f965,MATERIAL_LIFECYCLE_STEP
f3896bb7-4890-45be-8a4d-ab21763b8b7f,2615857002,DEFAULT,,LININGS,2615857002_LININGS_REANALYSIS,2615857002_LININGS_REANALYSIS,,1,REGENERATIVE COTTON,HARVESTING,0,0,0,0,0,0,0,0,0,0,0,0,0,0,0,0,0,0,0,1dc526ee-659c-415f-b8fd-acba571efc54,6cb065c2-9dd2-491e-8694-3b82daa0f965,MATERIAL_LIFECYCLE_STEP
f85c32c8-e320-48bc-b08b-97687953a017,2617477001,DEFAULT,CHOICE_PLOT_357,,,,362,,,PRODUCT IMPACT,8.528383571,415.61786241,18.913783529,0.062704224,0.000000066,1.142797677,0.00000043,112.797534903,0.481578557,0.055921869,0.000000002,0,0.000201146,146.264757642,0.01039054,0.000000001,0.178519828,0.000010023,0.027516254,,,PRODUCT_IMPACT
f85c32c8-e320-48bc-b08b-97687953a017,2617477001,DEFAULT,,,,,,,,END_OF_LIFE,0.421685533,0.001853482,0,0.000148821,0,-0.050934633,0.000000001,-0.428232344,0,0.000254117,0,0,0,0,0.000003234,0,0.00089324,0.00000002,0.000374575,,,PRODUCT_LIFECYCLE_STEP
f85c32c8-e320-48bc-b08b-97687953a017,2617477001,DEFAULT,,,,,,,,USE_PHASE,0.146059515,0.654452211,0.041168128,0.00062378,0.000000006,0.990047722,0.000000008,21.784539151,0,0.000185,0,0,0,0.850094766,0.000028826,0,0.001365552,0.000001185,0.000341913,,,PRODUCT_LIFECYCLE_STEP
f85c32c8-e320-48bc-b08b-97687953a017,2617477001,DEFAULT,,,,,,,,DISTRIBUTION,0.048793075,0,0,0.000305329,0,0.005930194,0.000000004,0.72498102,0,0.000154186,0,0,0,0,0.000000018,0,0.00161059,0.000000162,0.000303713,,,PRODUCT_LIFECYCLE_STEP
f85c32c8-e320-48bc-b08b-97687953a017,2617477001,DEFAULT,,,,,,,,WAREHOUSE,0,0,0,0,0,0,0,0,0,0,0,0,0,0,0,0,0,0,0,,,PRODUCT_LIFECYCLE_STEP
f85c32c8-e320-48bc-b08b-97687953a017,2617477001,DEFAULT,,,,,,,,PRODUCT_TRANSPORT,0.140967245,0.052088274,0.001779982,0.002697705,0.000000001,0.00613775,0.000000013,1.888314806,0.083427041,0.00084245,0,0,0,0.36350925,0.000002007,0,0.009335987,0.00000028,0.002100302,,,PRODUCT_LIFECYCLE_STEP
f85c32c8-e320-48bc-b08b-97687953a017,2617477001,DEFAULT,,,,,,,,MANUFACTURING,0.551370298,0.935351683,0.049723229,0.002718689,0.000000004,0.012534806,0.000000008,6.690269664,0,0.000542048,0,0,0,0.822334385,0.000290372,0,0.005660386,0.000000384,0.001465547,,,PRODUCT_LIFECYCLE_STEP
f85c32c8-e320-48bc-b08b-97687953a017,2617477001,DEFAULT,,MAIN FABRIC (WOVEN),2617477001_MAIN_FABRIC,2617477001_MAIN_FABRIC,362,,,COMPONENT IMPACT,7.219507906,413.974116761,18.821112191,0.056209899,0.000000055,0.179081839,0.000000396,82.137662606,0.398151515,0.053944068,0.000000002,0,0.000201146,144.228819241,0.010066082,0.000000001,0.159654072,0.000007992,0.022930205,,5a3e7651-b141-443f-8589-37abd09fc529,COMPONENT_IMPACT
f85c32c8-e320-48bc-b08b-97687953a017,2617477001,DEFAULT,,MAIN FABRIC (WOVEN),2617477001_MAIN_FABRIC,2617477001_MAIN_FABRIC,,,,DYEING,2.022500548,8.885210255,0.085749984,0.013126247,0.000000012,0.025204,0.000000177,20.808382274,0,0.001988349,0.000000001,0,0,134.654223046,0.000745002,0,0.020897475,0.000000875,0.006044161,,5a3e7651-b141-443f-8589-37abd09fc529,COMPONENT_LIFECYCLE_STEP
f85c32c8-e320-48bc-b08b-97687953a017,2617477001,DEFAULT,,MAIN FABRIC (WOVEN),2617477001_MAIN_FABRIC,2617477001_MAIN_FABRIC,,,,WEAVING,2.053895637,4.725908189,0.171572268,0.010351134,0.000000024,0.077538133,0.000000038,26.437510353,0.151367288,0.001989728,0,0,0.000201146,2.837502285,0.00109388,0,0.020191748,0.000004184,0.005362719,,5a3e7651-b141-443f-8589-37abd09fc529,COMPONENT_LIFECYCLE_STEP
f85c32c8-e320-48bc-b08b-97687953a017,2617477001,DEFAULT,,MAIN FABRIC (WOVEN),2617477001_MAIN_FABRIC,2617477001_MAIN_FABRIC,,,,SPINNING,2.509384105,4.256951557,0.226299241,0.012373238,0.000000019,0.057048126,0.000000034,30.448604919,0,0.002466957,0,0,0,3.742589769,0.001321535,0,0.025761423,0.000001747,0.006669964,,5a3e7651-b141-443f-8589-37abd09fc529,COMPONENT_LIFECYCLE_STEP
f85c32c8-e320-48bc-b08b-97687953a017,2617477001,DEFAULT,,MAIN FABRIC (WOVEN),2617477001_MAIN_FABRIC,2617477001_MAIN_FABRIC,,,,COMPONENT_TRANSPORT,0.246784227,0,0,0.002905685,0,0.017155484,0.000000035,3.502743871,0.246784227,0.00122596,0,0,0,0,0.000000277,0,0.013612936,0.000000665,0.002428038,,5a3e7651-b141-443f-8589-37abd09fc529,COMPONENT_LIFECYCLE_STEP
f85c32c8-e320-48bc-b08b-97687953a017,2617477001,DEFAULT,,MAIN FABRIC (WOVEN),2617477001_MAIN_FABRIC,2617477001_MAIN_FABRIC,,1,REGENERATIVE COTTON,MATERIAL IMPACT,0.386943389,396.10604676,18.337490697,0.017453595,0.000000001,0.002136095,0.000000112,0.94042119,0,0.046273073,0,0,0,2.994504141,0.006905388,0,0.079190489,0.000000521,0.002425323,2f4688fc-f210-4042-8b30-ff9319e1669f,5a3e7651-b141-443f-8589-37abd09fc529,MATERIAL_IMPACT
f85c32c8-e320-48bc-b08b-97687953a017,2617477001,DEFAULT,,MAIN FABRIC (WOVEN),2617477001_MAIN_FABRIC,2617477001_MAIN_FABRIC,,1,REGENERATIVE COTTON,PREPARATION,0,0,0,0,0,0,0,0,0,0,0,0,0,0,0,0,0,0,0,2f4688fc-f210-4042-8b30-ff9319e1669f,5a3e7651-b141-443f-8589-37abd09fc529,MATERIAL_LIFECYCLE_STEP
f85c32c8-e320-48bc-b08b-97687953a017,2617477001,DEFAULT,,MAIN FABRIC (WOVEN),2617477001_MAIN_FABRIC,2617477001_MAIN_FABRIC,,1,REGENERATIVE COTTON,RAW_MATERIAL_MODEL,0.386943389,396.10604676,18.337490697,0.017453595,0.000000001,0.002136095,0.000000112,0.94042119,0,0.046273073,0,0,0,2.994504141,0.006905388,0,0.079190489,0.000000521,0.002425323,2f4688fc-f210-4042-8b30-ff9319e1669f,5a3e7651-b141-443f-8589-37abd09fc529,MATERIAL_LIFECYCLE_STEP
f85c32c8-e320-48bc-b08b-97687953a017,2617477001,DEFAULT,,MAIN FABRIC (WOVEN),2617477001_MAIN_FABRIC,2617477001_MAIN_FABRIC,,1,REGENERATIVE COTTON,HARVESTING,0,0,0,0,0,0,0,0,0,0,0,0,0,0,0,0,0,0,0,2f4688fc-f210-4042-8b30-ff9319e1669f,5a3e7651-b141-443f-8589-37abd09fc529,MATERIAL_LIFECYCLE_STEP
fafa2ad9-031e-462b-9445-4f8a1b779cc1,2616380003,DEFAULT,CHOICE_PLOT_357,,,,362,,,PRODUCT IMPACT,8.528383571,415.61786241,18.913783529,0.062704224,0.000000066,1.142797677,0.00000043,112.797534903,0.481578557,0.055921869,0.000000002,0,0.000201146,146.264757642,0.01039054,0.000000001,0.178519828,0.000010023,0.027516254,,,PRODUCT_IMPACT
fafa2ad9-031e-462b-9445-4f8a1b779cc1,2616380003,DEFAULT,,,,,,,,END_OF_LIFE,0.421685533,0.001853482,0,0.000148821,0,-0.050934633,0.000000001,-0.428232344,0,0.000254117,0,0,0,0,0.000003234,0,0.00089324,0.00000002,0.000374575,,,PRODUCT_LIFECYCLE_STEP
fafa2ad9-031e-462b-9445-4f8a1b779cc1,2616380003,DEFAULT,,,,,,,,USE_PHASE,0.146059515,0.654452211,0.041168128,0.00062378,0.000000006,0.990047722,0.000000008,21.784539151,0,0.000185,0,0,0,0.850094766,0.000028826,0,0.001365552,0.000001185,0.000341913,,,PRODUCT_LIFECYCLE_STEP
fafa2ad9-031e-462b-9445-4f8a1b779cc1,2616380003,DEFAULT,,,,,,,,DISTRIBUTION,0.048793075,0,0,0.000305329,0,0.005930194,0.000000004,0.72498102,0,0.000154186,0,0,0,0,0.000000018,0,0.00161059,0.000000162,0.000303713,,,PRODUCT_LIFECYCLE_STEP
fafa2ad9-031e-462b-9445-4f8a1b779cc1,2616380003,DEFAULT,,,,,,,,WAREHOUSE,0,0,0,0,0,0,0,0,0,0,0,0,0,0,0,0,0,0,0,,,PRODUCT_LIFECYCLE_STEP
fafa2ad9-031e-462b-9445-4f8a1b779cc1,2616380003,DEFAULT,,,,,,,,PRODUCT_TRANSPORT,0.140967245,0.052088274,0.001779982,0.002697705,0.000000001,0.00613775,0.000000013,1.888314806,0.083427041,0.00084245,0,0,0,0.36350925,0.000002007,0,0.009335987,0.00000028,0.002100302,,,PRODUCT_LIFECYCLE_STEP
fafa2ad9-031e-462b-9445-4f8a1b779cc1,2616380003,DEFAULT,,,,,,,,MANUFACTURING,0.551370298,0.935351683,0.049723229,0.002718689,0.000000004,0.012534806,0.000000008,6.690269664,0,0.000542048,0,0,0,0.822334385,0.000290372,0,0.005660386,0.000000384,0.001465547,,,PRODUCT_LIFECYCLE_STEP
fafa2ad9-031e-462b-9445-4f8a1b779cc1,2616380003,DEFAULT,,MAIN FABRIC (WOVEN),2616380003_MAIN_FABRIC,2616380003_MAIN_FABRIC,362,,,COMPONENT IMPACT,7.219507906,413.974116761,18.821112191,0.056209899,0.000000055,0.179081839,0.000000396,82.137662606,0.398151515,0.053944068,0.000000002,0,0.000201146,144.228819241,0.010066082,0.000000001,0.159654072,0.000007992,0.022930205,,95c2babd-6708-4a13-a8e8-6c15877182a8,COMPONENT_IMPACT
fafa2ad9-031e-462b-9445-4f8a1b779cc1,2616380003,DEFAULT,,MAIN FABRIC (WOVEN),2616380003_MAIN_FABRIC,2616380003_MAIN_FABRIC,,,,COMPONENT_TRANSPORT,0.246784227,0,0,0.002905685,0,0.017155484,0.000000035,3.502743871,0.246784227,0.00122596,0,0,0,0,0.000000277,0,0.013612936,0.000000665,0.002428038,,95c2babd-6708-4a13-a8e8-6c15877182a8,COMPONENT_LIFECYCLE_STEP
fafa2ad9-031e-462b-9445-4f8a1b779cc1,2616380003,DEFAULT,,MAIN FABRIC (WOVEN),2616380003_MAIN_FABRIC,2616380003_MAIN_FABRIC,,,,WEAVING,2.053895637,4.725908189,0.171572268,0.010351134,0.000000024,0.077538133,0.000000038,26.437510353,0.151367288,0.001989728,0,0,0.000201146,2.837502285,0.00109388,0,0.020191748,0.000004184,0.005362719,,95c2babd-6708-4a13-a8e8-6c15877182a8,COMPONENT_LIFECYCLE_STEP
fafa2ad9-031e-462b-9445-4f8a1b779cc1,2616380003,DEFAULT,,MAIN FABRIC (WOVEN),2616380003_MAIN_FABRIC,2616380003_MAIN_FABRIC,,,,DYEING,2.022500548,8.885210255,0.085749984,0.013126247,0.000000012,0.025204,0.000000177,20.808382274,0,0.001988349,0.000000001,0,0,134.654223046,0.000745002,0,0.020897475,0.000000875,0.006044161,,95c2babd-6708-4a13-a8e8-6c15877182a8,COMPONENT_LIFECYCLE_STEP
fafa2ad9-031e-462b-9445-4f8a1b779cc1,2616380003,DEFAULT,,MAIN FABRIC (WOVEN),2616380003_MAIN_FABRIC,2616380003_MAIN_FABRIC,,,,SPINNING,2.509384105,4.256951557,0.226299241,0.012373238,0.000000019,0.057048126,0.000000034,30.448604919,0,0.002466957,0,0,0,3.742589769,0.001321535,0,0.025761423,0.000001747,0.006669964,,95c2babd-6708-4a13-a8e8-6c15877182a8,COMPONENT_LIFECYCLE_STEP
fafa2ad9-031e-462b-9445-4f8a1b779cc1,2616380003,DEFAULT,,MAIN FABRIC (WOVEN),2616380003_MAIN_FABRIC,2616380003_MAIN_FABRIC,,1,REGENERATIVE COTTON,MATERIAL IMPACT,0.386943389,396.10604676,18.337490697,0.017453595,0.000000001,0.002136095,0.000000112,0.94042119,0,0.046273073,0,0,0,2.994504141,0.006905388,0,0.079190489,0.000000521,0.002425323,559a91c7-0022-4640-b9b7-6fe8f905628c,95c2babd-6708-4a13-a8e8-6c15877182a8,MATERIAL_IMPACT
fafa2ad9-031e-462b-9445-4f8a1b779cc1,2616380003,DEFAULT,,MAIN FABRIC (WOVEN),2616380003_MAIN_FABRIC,2616380003_MAIN_FABRIC,,1,REGENERATIVE COTTON,RAW_MATERIAL_MODEL,0.386943389,396.10604676,18.337490697,0.017453595,0.000000001,0.002136095,0.000000112,0.94042119,0,0.046273073,0,0,0,2.994504141,0.006905388,0,0.079190489,0.000000521,0.002425323,559a91c7-0022-4640-b9b7-6fe8f905628c,95c2babd-6708-4a13-a8e8-6c15877182a8,MATERIAL_LIFECYCLE_STEP
fafa2ad9-031e-462b-9445-4f8a1b779cc1,2616380003,DEFAULT,,MAIN FABRIC (WOVEN),2616380003_MAIN_FABRIC,2616380003_MAIN_FABRIC,,1,REGENERATIVE COTTON,HARVESTING,0,0,0,0,0,0,0,0,0,0,0,0,0,0,0,0,0,0,0,559a91c7-0022-4640-b9b7-6fe8f905628c,95c2babd-6708-4a13-a8e8-6c15877182a8,MATERIAL_LIFECYCLE_STEP
fafa2ad9-031e-462b-9445-4f8a1b779cc1,2616380003,DEFAULT,,MAIN FABRIC (WOVEN),2616380003_MAIN_FABRIC,2616380003_MAIN_FABRIC,,1,REGENERATIVE COTTON,PREPARATION,0,0,0,0,0,0,0,0,0,0,0,0,0,0,0,0,0,0,0,559a91c7-0022-4640-b9b7-6fe8f905628c,95c2babd-6708-4a13-a8e8-6c15877182a8,MATERIAL_LIFECYCLE_STEP
